Entry,Entry_species,Species,Population,Date,ID,Flower_No.,Length_mm,Width_mm,Ratio_len/wid,Multiplied,Multiplied_cm,Tunnel_len,Entr_len,Entr_Height,Photo_ID,Comments,Flowers_total,Marked,Wilted,Fruits_marked,Fruits_notmarked,Fruits_total,Fruit,seeds,weight,Avg.weight
1,23,I.atropurpurea,NET,2023-02-26,3,1,63.4,55.0,1.1527272727272726,3487.0,34.87,,,,92803+92820,"1C, F eaten",3.0,1.0,2.0,0.0,0.0,0.0,0.0,0.0,0.0,0.0
2,24,I.atropurpurea,NET,2023-02-26,10,1,96.0,78.5,1.2229299363057324,7536.0,75.36,31.6,11.1,7.4,93612,,3.0,2.0,1.0,1.0,0.0,1.0,1.0,14.0,1008.5,72.03571428571429
3,36,I.atropurpurea,NET,2023-03-05,10,2,77.1,63.4,1.2160883280757098,4888.139999999999,48.88139999999999,26.7,14.0,8.8,93157,Numbers in pics,,,,,,,0.0,0.0,0.0,0.0
4,46,I.atropurpurea,NET,2023-03-05,29,1,61.0,57.2,1.0664335664335665,3489.2000000000003,34.892,,,,123139,5C,2.0,1.0,1.0,0.0,0.0,0.0,0.0,0.0,0.0,0.0
5,35,I.atropurpurea,NET,2023-02-26,34,1,62.5,59.7,1.0469011725293131,3731.25,37.31250000000001,31.0,12.5,6.6,134903,,2.0,1.0,1.0,0.0,0.0,0.0,0.0,0.0,0.0,0.0
6,44,I.atropurpurea,NET,2023-03-05,47,1,57.5,53.4,1.0767790262172285,3070.5,30.705,,,,113524,,6.0,1.0,5.0,0.0,1.0,1.0,0.0,0.0,0.0,0.0
7,13,I.atropurpurea,NET,2023-02-21,49,1,74.6,65.7,1.1354642313546421,4901.22,49.0122,26.0,17.3,7.2,104813,C,2.0,1.0,1.0,0.0,0.0,0.0,0.0,0.0,0.0,0.0
8,9,I.atropurpurea,NET,2023-02-21,51,1,89.7,75.0,1.196,6727.5,67.275,32.8,17.2,11.9,103717,,18.0,5.0,13.0,0.0,0.0,0.0,0.0,0.0,0.0,0.0
9,10,I.atropurpurea,NET,2023-02-21,51,2,88.4,73.2,1.2076502732240437,6470.880000000001,64.7088,31.5,17.8,9.9,103751,,,,,,,,0.0,0.0,0.0,0.0
10,11,I.atropurpurea,NET,2023-02-21,51,3,76.6,77.8,0.9845758354755784,5959.48,59.59479999999999,31.5,18.0,1.1, - Cut,,,,,,,,0.0,0.0,0.0,0.0
11,12,I.atropurpurea,NET,2023-02-21,51,4,98.2,81.5,1.2049079754601226,8003.3,80.033,35.0,18.5,12.1,103824,,,,,,,,0.0,0.0,0.0,0.0
12,34,I.atropurpurea,NET,2023-02-26,51,5,56.9,62.1,0.9162640901771336,3533.49,35.3349,26.9,15.8,7.5,125114,,,,,,,,0.0,0.0,0.0,0.0
13,5,I.atropurpurea,NET,2023-02-13,56,1,68.3,65.7,1.039573820395738,4487.31,44.8731,30.4,17.8,5.1,141443,5C,9.0,5.0,4.0,3.0,0.0,3.0,1.0,13.0,758.9,58.37692307692308
14,14,I.atropurpurea,NET,2023-02-21,56,2,72.8,68.7,1.0596797671033478,5001.36,50.0136,32.6,19.0,6.4,114050,,,,,,,,1.0,33.0,1613.9,48.906060606060606
15,32,I.atropurpurea,NET,2023-02-26,56,3,70.4,63.3,1.1121642969984205,4456.32,44.56320000000001,30.3,12.3,13.9,120244,,,,,,,,0.0,0.0,0.0,0.0
16,42,I.atropurpurea,NET,2023-03-05,56,4,52.0,54.4,0.9558823529411765,2828.7999999999997,28.287999999999997,24.7,12.3,6.5,112047,,,,,,,,0.0,0.0,0.0,0.0
17,43,I.atropurpurea,NET,2023-03-05,56,5,52.4,58.3,0.8987993138936535,3054.9199999999996,30.549200000000003,,,,112057,,,,,,,,1.0,0.0,0.0,0.0
18,15,I.atropurpurea,NET,2023-02-21,73,1,86.5,74.5,1.1610738255033557,6444.25,64.44250000000001,30.3,18.8,7.3,121328,"C, small fruit, seeds scattered",1.0,1.0,0.0,1.0,0.0,1.0,1.0,43.0,1102.1,25.630232558139532
19,16,I.atropurpurea,NET,2023-02-21,77,1,79.0,65.0,1.2153846153846153,5135.0,51.35,33.7,15.0,8.3,123522,3C,9.0,2.0,7.0,1.0,3.0,4.0,1.0,6.0,272.3,45.38333333333333
20,17,I.atropurpurea,NET,2023-02-21,77,2,89.1,89.4,0.9966442953020133,7965.54,79.65540000000001,34.0,17.8,8.1,123546,,,,,,,,0.0,0.0,0.0,0.0
21,18,I.atropurpurea,NET,2023-02-21,80,1,74.5,61.4,1.213355048859935,4574.3,45.743,28.3,18.0,8,124808,1C,5.0,1.0,4.0,0.0,0.0,0.0,0.0,0.0,0.0,0.0
22,51,I.atropurpurea,NET,2023-03-12,87,1,58.9,45.3,1.3002207505518764,2668.1699999999996,26.681699999999996,27.0,11.2,10.9,104506,eaten,2.0,1.0,0.0,0.0,0.0,0.0,0.0,0.0,0.0,0.0
23,25,I.atropurpurea,NET,2023-02-26,104,1,75.9,61.4,1.236156351791531,4660.26,46.6026,29.5,14.0,9,95710,C,4.0,2.0,2.0,0.0,,,0.0,0.0,0.0,0.0
24,26,I.atropurpurea,NET,2023-02-26,104,2,64.9,70.0,0.9271428571428573,4543.0,45.43,,,,95717,,,,,,,,0.0,0.0,0.0,0.0
25,38,I.atropurpurea,NET,2023-03-05,115,1,62.0,44.9,1.380846325167038,2783.7999999999997,27.838,21.8,14.1,5.8,95823,"Rotten buds, 1 F eaten",1.0,1.0,0.0,0.0,0.0,0.0,0.0,0.0,0.0,0.0
26,27,I.atropurpurea,NET,2023-02-26,116,1,77.0,71.7,1.0739191073919108,5520.900000000001,55.209,32.4,16.8,5.8,100501,,2.0,1.0,1.0,0.0,0.0,0.0,0.0,0.0,0.0,0.0
27,1,I.atropurpurea,NET,2023-02-13,130,1,75.5,67.0,1.126865671641791,5058.5,50.585,,,,104424,,1.0,1.0,0.0,0.0,0.0,0.0,0.0,0.0,0.0,0.0
28,40,I.atropurpurea,NET,2023-03-05,144,1,64.7,67.9,0.9528718703976435,4393.13,43.93130000000001,29.7,12.7,7,104734,2C,2.0,1.0,1.0,0.0,0.0,0.0,0.0,0.0,0.0,0.0
29,45,I.atropurpurea,NET,2023-03-05,156,1,65.5,58.2,1.1254295532646048,3812.1000000000004,38.121,34.2,12.0,8.6,114612,"S cut, C",2.0,1.0,1.0,0.0,0.0,0.0,0.0,0.0,0.0,0.0
30,22,I.atropurpurea,NET,2023-02-21,158,1,63.4,64.8,0.9783950617283951,4108.32,41.0832,32.2,16.7,7,155135,,1.0,1.0,0.0,0.0,0.0,0.0,0.0,0.0,0.0,0.0
31,21,I.atropurpurea,NET,2023-02-21,162,1,77.4,66.9,1.15695067264574,5178.06,51.78060000000001,26.5,10.0,6.2,154642,C,5.0,2.0,3.0,0.0,0.0,0.0,0.0,0.0,0.0,0.0
32,28,I.atropurpurea,NET,2023-02-26,162,2,66.7,64.7,1.0309119010819165,4315.490000000001,43.154900000000005,28.1,15.7,8.4,103151,,,,,,,,0.0,0.0,0.0,0.0
33,2,I.atropurpurea,NET,2023-02-13,165,1,81.4,71.4,1.1400560224089635,5811.960000000001,58.119600000000005,26.2,15.1,8.2,113612+113626,,6.0,4.0,2.0,0.0,1.0,1.0,0.0,0.0,0.0,0.0
34,3,I.atropurpurea,NET,2023-02-13,165,2,51.2,64.4,0.7950310559006211,3297.2800000000007,32.9728,27.0,15.0,7.4, - ,,,,,,,,0.0,0.0,0.0,0.0
35,4,I.atropurpurea,NET,2023-02-13,165,3,62.0,54.7,1.1334552102376598,3391.4,33.914,26.0,14.6,7.7, - ,,,,,,,,0.0,0.0,0.0,0.0
36,20,I.atropurpurea,NET,2023-02-21,165,4,26.7,15.8,1.6898734177215189,421.86,4.2186,,,,F eaten,,,,,,,,0.0,0.0,0.0,0.0
37,39,I.atropurpurea,NET,2023-03-05,174,1,55.2,58.0,0.9517241379310345,3201.6000000000004,32.016,24.0,12.7,7.9,101526,W/C/eaten,3.0,1.0,2.0,1.0,0.0,1.0,1.0,3.0,104.1,34.699999999999996
38,29,I.atropurpurea,NET,2023-02-26,175,1,77.8,67.1,1.15946348733234,5220.379999999999,52.20379999999999,33.1,14.1,8.8,104744,,4.0,3.0,1.0,1.0,0.0,1.0,1.0,5.0,220.5,44.1
39,30,I.atropurpurea,NET,2023-02-26,175,2,64.1,64.2,0.9984423676012459,4115.22,41.15219999999999,33.8,18.9,10.2,104752,,,,,,,,0.0,0.0,0.0,0.0
40,31,I.atropurpurea,NET,2023-02-26,175,3,74.0,63.4,1.167192429022082,4691.599999999999,46.916000000000004,37.1,14.3,8.1,104822,,,,,,,,0.0,0.0,0.0,0.0
41,37,I.atropurpurea,NET,2023-03-05,176,1,68.6,60.7,1.1301482701812189,4164.0199999999995,41.6402,29.1,16.2,8.2,94220,"C, F was cut",1.0,1.0,0.0,,0.0,,,,,
42,19,I.atropurpurea,NET,2023-02-21,234,1,77.8,63.7,1.2213500784929356,4955.86,49.5586,,,,F eaten,,2.0,1.0,1.0,0.0,0.0,0.0,0.0,0.0,0.0,0.0
43,41,I.atropurpurea,NET,2023-03-05,902,1,77.2,63.9,1.2081377151799688,4933.08,49.3308,32.2,13.9,9,105309,C,8.0,1.0,7.0,1.0,,,1.0,45.0,2128.5,47.3
44,8,I.atropurpurea,NET,2023-02-21,907,1,74.54,66.2,1.1259818731117825,4934.548000000001,49.34548,28.2,16.2,7.2,101705,"C, fruit was open",4.0,1.0,3.0,1.0,0.0,1.0,1.0,7.0,280.2,40.028571428571425
45,6,I.atropurpurea,NET,2023-02-21,908,1,72.8,61.3,1.1876019575856445,4462.639999999999,44.6264,31.1,19.3,5.9,95731,Non covered,4.0,2.0,2.0,,,,,,,
46,7,I.atropurpurea,NET,2023-02-21,908,2,63.6,67.0,0.9492537313432836,4261.2,42.612,25.4,15.8,6.3, - Cut,,,,,,,,,,,
47,47,I.atropurpurea,NET,2023-03-05,910,1,61.1,54.7,1.117001828153565,3342.17,33.42170000000001,27.4,12.8,8,124210+124213,All eaten,13.0,4.0,9.0,,,,,,,
48,48,I.atropurpurea,NET,2023-03-05,910,2,67.7,56.4,1.200354609929078,3818.28,38.1828,27.1,11.8,6.7,124223,,,,,,,,,,,
49,49,I.atropurpurea,NET,2023-03-05,910,3,76.8,58.6,1.310580204778157,4500.48,45.0048,28.5,9.3,8,124525,,,,,,,,,,,
50,50,I.atropurpurea,NET,2023-03-05,910,4,55.2,50.0,1.104,2760.0,27.6,,,,124530,F eaten,,,,,,,,,,
51,33,I.atropurpurea,NET,2023-02-26,911,1,75.4,66.0,1.1424242424242426,4976.400000000001,49.764,29.5,14.0,7.8, - ,C,3.0,2.0,1.0,0.0,0.0,0.0,0.0,0.0,0.0,0.0
52,52,I.atropurpurea,NET,2023-03-12,911,2,67.7,63.6,1.0644654088050314,4305.72,43.0572,26.8,12.0,8,114122,,,,,,,,0.0,0.0,0.0,0.0
53,7,I.atropurpurea,KUR,2023-02-23,135,1,64.1,58.3,1.0994854202401372,3737.0299999999993,37.37029999999999,25.7,12.2,9.6,92318,1 rotten,2.0,1.0,1.0,1.0,0.0,1.0,1.0,0.0,0.0,0.0
54,42,I.atropurpurea,KUR,2023-03-01,136,1,80.3,60.8,1.3207236842105263,4882.24,48.822399999999995,25.0,13.1,7.7,112306,,1.0,1.0,0.0,0.0,0.0,0.0,0.0,0.0,0.0,0.0
55,44,I.atropurpurea,KUR,2023-03-01,139,1,65.3,58.4,1.1181506849315068,3813.5199999999995,38.1352,32.1,14.4,8.2,114405,,5.0,3.0,2.0,0.0,0.0,0.0,0.0,0.0,0.0,0.0
56,45,I.atropurpurea,KUR,2023-03-01,139,2,62.8,54.2,1.158671586715867,3403.76,34.0376,,,,114423,,,,,,,,0.0,0.0,0.0,0.0
57,46,I.atropurpurea,KUR,2023-03-01,139,3,64.2,57.5,1.1165217391304347,3691.5,36.915,28.9,14.7,7.4,114438,,,,,,,,0.0,0.0,0.0,0.0
58,85,I.atropurpurea,KUR,2023-03-08,140,1,65.9,49.5,1.3313131313131314,3262.05,32.62050000000001,25.4,14.4,6, - ,Eaten,7.0,5.0,2.0,0.0,0.0,0.0,0.0,0.0,0.0,0.0
59,86,I.atropurpurea,KUR,2023-03-08,140,2,48.4,61.5,0.7869918699186992,2976.6,29.766000000000002,,,, - ,S sqoushed and F streight,,,,,,,0.0,0.0,0.0,0.0
60,87,I.atropurpurea,KUR,2023-03-08,140,3,43.6,37.6,1.1595744680851063,1639.3600000000001,16.393600000000003,21.8,12.9,8.1, - ,,,,,,,,0.0,0.0,0.0,0.0
61,88,I.atropurpurea,KUR,2023-03-08,140,4,47.9,42.5,1.1270588235294117,2035.75,20.3575,22.2,10.8,9, - ,,,,,,,,0.0,0.0,0.0,0.0
62,103,I.atropurpurea,KUR,2023-03-13,140,5,51.2,46.4,1.103448275862069,2375.68,23.7568,23.3,12.0,7.9, - ,,,,,,,,0.0,0.0,0.0,0.0
63,25,I.atropurpurea,KUR,2023-02-23,145,1,62.4,57.1,1.0928196147110332,3563.04,35.6304,26.2,11.2,9.3,123956,,2.0,1.0,1.0,0.0,0.0,0.0,0.0,0.0,0.0,0.0
64,27,I.atropurpurea,KUR,2023-02-23,147,1,78.3,67.4,1.161721068249258,5277.42,52.7742,25.6,13.9,6.3,125729,,2.0,2.0,0.0,0.0,0.0,0.0,0.0,0.0,0.0,0.0
65,28,I.atropurpurea,KUR,2023-02-23,147,2,72.7,65.3,1.1133231240428791,4747.31,47.473099999999995,29.2,13.1,9.9,125744,,,,,,,,0.0,0.0,0.0,0.0
66,15,I.atropurpurea,KUR,2023-02-23,155,1,61.8,53.9,1.1465677179962894,3331.02,33.310199999999995,27.3,13.9,8.5,104500,5 rotten,3.0,2.0,1.0,0.0,0.0,0.0,0.0,0.0,0.0,0.0
67,16,I.atropurpurea,KUR,2023-02-23,155,2,59.3,55.5,1.0684684684684684,3291.1499999999996,32.9115,25.0,14.8,7.6,104512,,,,,,,,0.0,0.0,0.0,0.0
68,53,I.atropurpurea,KUR,2023-03-01,159,1,49.7,48.3,1.028985507246377,2400.51,24.005100000000002,24.5,9.2,8.8,124553,,14.0,9.0,5.0,0.0,0.0,0.0,0.0,0.0,0.0,0.0
69,76,I.atropurpurea,KUR,2023-03-08,159,2,46.3,43.5,1.0643678160919539,2014.05,20.1405,21.8,11.2,8.4,112825,,,,,,,,0.0,0.0,0.0,0.0
70,77,I.atropurpurea,KUR,2023-03-08,159,3,42.0,41.9,1.0023866348448687,1759.8,17.598,21.3,10.7,7.1,112836,,,,,,,,0.0,0.0,0.0,0.0
71,78,I.atropurpurea,KUR,2023-03-08,159,4,44.1,41.4,1.065217391304348,1825.74,18.2574,21.6,10.4,7.1,112851,Lost,,,,,,,,,,
72,79,I.atropurpurea,KUR,2023-03-08,159,5,51.4,46.3,1.1101511879049677,2379.8199999999997,23.798199999999998,22.0,12.2,7.7,112911,,,,,,,,0.0,0.0,0.0,0.0
73,80,I.atropurpurea,KUR,2023-03-08,159,6,44.1,42.4,1.0400943396226416,1869.84,18.698400000000003,,,,113003,,,,,,,,0.0,0.0,0.0,0.0
74,81,I.atropurpurea,KUR,2023-03-08,159,7,39.7,37.7,1.0530503978779842,1496.6900000000003,14.966900000000003,19.0,11.2,5.7,113003,,,,,,,,0.0,0.0,0.0,0.0
75,82,I.atropurpurea,KUR,2023-03-08,159,8,45.0,41.7,1.079136690647482,1876.5000000000002,18.765,,,,113034,,,,,,,,0.0,0.0,0.0,0.0
76,83,I.atropurpurea,KUR,2023-03-08,159,9,45.0,43.2,1.0416666666666665,1944.0000000000002,19.44,,,,113050,,,,,,,,0.0,0.0,0.0,0.0
77,68,I.atropurpurea,KUR,2023-03-08,162,1,63.9,56.0,1.1410714285714285,3578.4,35.784,25.9,12.6,7.5,94947,F cut,2.0,2.0,0.0,,0.0,,0.0,0.0,0.0,0.0
78,69,I.atropurpurea,KUR,2023-03-08,162,2,66.2,61.7,1.072933549432739,4084.5400000000004,40.8454,25.3,11.1,5.9,95007,F cut,,,,,,,,,,
79,52,I.atropurpurea,KUR,2023-03-01,163,1,59.7,56.3,1.0603907637655419,3361.11,33.6111,28.5,14.0,6.7,123208,,1.0,1.0,0.0,0.0,0.0,0.0,0.0,0.0,0.0,0.0
80,60,I.atropurpurea,KUR,2023-03-01,165,1,64.8,57.4,1.1289198606271778,3719.5199999999995,37.1952,28.0,9.8,9.8,141936,,1.0,1.0,0.0,0.0,0.0,0.0,0.0,0.0,0.0,0.0
81,54,I.atropurpurea,KUR,2023-03-01,169,1,66.2,54.0,1.225925925925926,3574.8,35.748000000000005,29.3,11.5,9.9,130434,,3.0,1.0,2.0,0.0,0.0,0.0,0.0,0.0,0.0,0.0
82,2,I.atropurpurea,KUR,2023-02-14,170,1,65.5,60.0,1.0916666666666666,3930.0,39.3,31.5,12.1,8.6,114341,"Disformed flower, F cut",1.0,1.0,0.0,,0.0,,,,,
83,57,I.atropurpurea,KUR,2023-03-01,172,1,92.7,71.3,1.300140252454418,6609.51,66.0951,32.6,16.1,7.9,133022,F cut,1.0,1.0,0.0,,0.0,,,,,
84,64,I.atropurpurea,KUR,2023-03-01,177,1,73.1,62.1,1.1771336553945249,4539.509999999999,45.3951,27.4,14.3,8.3,144506,,5.0,2.0,3.0,0.0,0.0,0.0,0.0,0.0,0.0,0.0
85,65,I.atropurpurea,KUR,2023-03-01,177,2,71.5,62.8,1.138535031847134,4490.2,44.902,29.5,11.6,10.4,144512,,,,,,,,0.0,0.0,0.0,0.0
86,19,I.atropurpurea,KUR,2023-02-23,179,1,61.1,53.6,1.1399253731343284,3274.96,32.7496,24.4,11.6,9.2,111357,,6.0,2.0,4.0,0.0,0.0,0.0,0.0,0.0,0.0,0.0
87,55,I.atropurpurea,KUR,2023-03-01,179,2,65.7,58.5,1.123076923076923,3843.4500000000003,38.4345,,,,131215,,,,,,,,0.0,0.0,0.0,0.0
88,1,I.atropurpurea,KUR,2023-02-14,183,1,63.1,58.1,1.0860585197934596,3666.11,36.661100000000005,26.9,11.8,7.6,112406+112411,,4.0,2.0,2.0,,0.0,,0.0,0.0,0.0,0.0
89,112,I.atropurpurea,KUR,2023-03-13,183,2,62.6,53.3,1.174484052532833,3336.58,33.3658,28.0,11.3,8.9,114332,F cut,,,,,,,,,,
90,3,I.atropurpurea,KUR,2023-02-14,184,1,85.35,65.9,1.2951441578148708,5624.5650000000005,56.245650000000005,25.1,9.6,8.6,141751,,14.0,6.0,8.0,0.0,0.0,0.0,0.0,0.0,0.0,0.0
91,4,I.atropurpurea,KUR,2023-02-14,184,2,57.7,67.8,0.8510324483775812,3912.06,39.120599999999996,23.9,10.0,3.5,141802,,,,,,,,0.0,0.0,0.0,0.0
92,61,I.atropurpurea,KUR,2023-03-01,184,3,64.3,58.2,1.1048109965635737,3742.26,37.4226,23.7,10.4,7.3,143008,,,,,,,,0.0,0.0,0.0,0.0
93,62,I.atropurpurea,KUR,2023-03-01,184,4,56.6,57.6,0.9826388888888888,3260.1600000000003,32.6016,,,,143022,,,,,,,,0.0,0.0,0.0,0.0
94,63,I.atropurpurea,KUR,2023-03-01,184,5,66.1,58.2,1.13573883161512,3847.02,38.4702,,,,143022,,,,,,,,0.0,0.0,0.0,0.0
95,101,I.atropurpurea,KUR,2023-03-08,184,6,52.2,49.9,1.0460921843687376,2604.78,26.047800000000006,23.1,10.0,6, - ,,,,,,,,0.0,0.0,0.0,0.0
96,5,I.atropurpurea,KUR,2023-02-14,185,1,59.2,54.5,1.0862385321100918,3226.4,32.264,25.1,15.7,8.9,143642,,2.0,1.0,1.0,0.0,1.0,1.0,0.0,0.0,0.0,0.0
97,6,I.atropurpurea,KUR,2023-02-23,186,1,72.4,72.8,0.9945054945054946,5270.72,52.7072,28.4,15.2,9.9,91905,,6.0,1.0,5.0,0.0,0.0,0.0,0.0,0.0,0.0,0.0
98,8,I.atropurpurea,KUR,2023-02-23,187,1,73.7,69.0,1.0681159420289856,5085.3,50.853,26.4,13.3,8.8,93510,,8.0,4.0,4.0,0.0,0.0,0.0,0.0,0.0,0.0,0.0
99,9,I.atropurpurea,KUR,2023-02-23,187,2,69.0,57.5,1.2,3967.5,39.675000000000004,,,, -,,,,,,,,0.0,0.0,0.0,0.0
100,10,I.atropurpurea,KUR,2023-02-23,187,3,66.7,67.6,0.9866863905325445,4508.92,45.0892,,,, -,,,,,,,,0.0,0.0,0.0,0.0
101,43,I.atropurpurea,KUR,2023-03-01,187,4,70.5,53.7,1.312849162011173,3785.8500000000004,37.8585,30.0,10.0,9.1,113125,,,,,,,,0.0,0.0,0.0,0.0
102,11,I.atropurpurea,KUR,2023-02-23,188,1,57.8,52.0,1.1115384615384616,3005.6,30.055999999999997,23.6,14.2,5.7,102909,Not fully open,9.0,2.0,7.0,1.0,0.0,1.0,1.0,27.0,532.0,19.703703703703702
103,50,I.atropurpurea,KUR,2023-03-01,188,2,67.8,68.0,0.9970588235294118,4610.4,46.10399999999999,29.6,14.5,6.5,120335,,,,,,,,0.0,0.0,0.0,0.0
104,12,I.atropurpurea,KUR,2023-02-23,189,1,65.8,59.3,1.109612141652614,3901.9399999999996,39.0194,23.0,10.1,6.9,101844,,5.0,5.0,0.0,2.0,0.0,2.0,0.0,0.0,0.0,0.0
105,13,I.atropurpurea,KUR,2023-02-23,189,2,62.0,51.6,1.2015503875968991,3199.2000000000003,31.992,22.4,11.2,6.3,101907,,,,,,,,1.0,6.0,147.4,24.566666666666666
106,14,I.atropurpurea,KUR,2023-02-23,189,3,61.2,52.8,1.1590909090909092,3231.36,32.313599999999994,23.6,11.3,8,102220,,,,,,,,1.0,7.0,205.3,29.32857142857143
107,33,I.atropurpurea,KUR,2023-03-01,189,4,54.1,51.0,1.0607843137254902,2759.1,27.590999999999998,23.6,14.0,7.2,101703,,,,,,,,0.0,0.0,0.0,0.0
108,34,I.atropurpurea,KUR,2023-03-01,189,5,57.5,47.5,1.2105263157894737,2731.25,27.3125,,,,101715,,,,,,,,0.0,0.0,0.0,0.0
109,17,I.atropurpurea,KUR,2023-02-23,190,1,67.5,55.3,1.220614828209765,3732.75,37.32749999999999,27.2,9.8,7.7,110651,,4.0,3.0,1.0,1.0,0.0,1.0,0.0,0.0,0.0,0.0
110,18,I.atropurpurea,KUR,2023-02-23,190,2,62.0,50.6,1.225296442687747,3137.2000000000003,31.372000000000003,,,,110705,,,,,,,,1.0,34.0,866.7,25.491176470588236
111,56,I.atropurpurea,KUR,2023-03-01,190,3,62.6,55.3,1.1320072332730562,3461.7799999999997,34.617799999999995,27.2,9.3,7.6,132541,,,,,,,,0.0,0.0,0.0,0.0
112,20,I.atropurpurea,KUR,2023-02-23,191,1,55.9,59.3,0.9426644182124789,3314.87,33.1487,25.6,10.2,6.9,115102,,6.0,5.0,1.0,1.0,0.0,1.0,0.0,0.0,0.0,0.0
113,21,I.atropurpurea,KUR,2023-02-23,191,2,56.8,62.3,0.9117174959871589,3538.64,35.386399999999995,26.4,8.8,7,115117,,,,,,,,0.0,0.0,0.0,0.0
114,22,I.atropurpurea,KUR,2023-02-23,191,3,69.1,56.7,1.2186948853615518,3917.97,39.1797,29.9,9.3,8.9,115149,,,,,,,,0.0,0.0,0.0,0.0
115,23,I.atropurpurea,KUR,2023-02-23,191,4,60.9,58.2,1.0463917525773194,3544.38,35.4438,,,,115214,,,,,,,,0.0,0.0,0.0,0.0
116,24,I.atropurpurea,KUR,2023-02-23,191,5,60.5,54.6,1.1080586080586081,3303.3,33.033,,,,115243,,,,,,,,1.0,11.0,318.2,28.927272727272726
117,26,I.atropurpurea,KUR,2023-02-23,192,1,78.9,63.2,1.2484177215189873,4986.4800000000005,49.8648,28.7,12.1,9.6,125129,,3.0,2.0,1.0,2.0,0.0,2.0,1.0,37.0,1446.6,39.097297297297295
118,98,I.atropurpurea,KUR,2023-03-08,192,2,72.1,62.0,1.1629032258064516,4470.2,44.702,28.6,12.2,8, - ,,,,,,,,1.0,10.0,483.8,48.38
119,29,I.atropurpurea,KUR,2023-03-01,193,1,54.3,68.7,0.7903930131004366,3730.41,37.3041,29.7,14.6,6.3,100252,"Folded, F cut",8.0,4.0,4.0,,0.0,,,,,
120,30,I.atropurpurea,KUR,2023-03-01,193,2,60.3,58.5,1.0307692307692307,3527.5499999999997,35.275499999999994,,,,100304,"Folded, F cut",,,,,,,,,,
121,31,I.atropurpurea,KUR,2023-03-01,193,3,65.1,54.7,1.1901279707495427,3560.97,35.609700000000004,,,,100556,Not fully open,,,,,,,0.0,0.0,0.0,0.0
122,32,I.atropurpurea,KUR,2023-03-01,193,4,80.0,75.5,1.0596026490066226,6040.0,60.4,29.0,15.7,7.4,100336,F cut,,,,,,,,,,
123,35,I.atropurpurea,KUR,2023-03-01,194,1,72.6,64.9,1.11864406779661,4711.74,47.1174,25.7,13.0,7,103755,,4.0,3.0,1.0,0.0,0.0,0.0,0.0,0.0,0.0,0.0
124,36,I.atropurpurea,KUR,2023-03-01,194,2,75.0,69.5,1.079136690647482,5212.5,52.125,28.1,12.9,7.1,103805,,,,,,,,0.0,0.0,0.0,0.0
125,89,I.atropurpurea,KUR,2023-03-08,194,3,70.3,58.7,1.1976149914821124,4126.61,41.266099999999994,24.9,13.1,7.4,121716,,,,,,,,0.0,0.0,0.0,0.0
126,37,I.atropurpurea,KUR,2023-03-01,195,1,62.1,51.1,1.2152641878669277,3173.31,31.7331,28.3,10.8,9,104708,,9.0,6.0,3.0,1.0,,,0.0,0.0,0.0,0.0
127,38,I.atropurpurea,KUR,2023-03-01,195,2,61.7,55.2,1.1177536231884058,3405.84,34.058400000000006,28.9,10.1,8.4,104708,,,,,,,,1.0,14.0,644.4,46.028571428571425
128,90,I.atropurpurea,KUR,2023-03-08,195,3,54.0,48.9,1.1042944785276074,2640.6,26.406,22.6,11.4,8.9,122613,F cut,,,,,,,,,,
129,91,I.atropurpurea,KUR,2023-03-08,195,4,60.4,51.2,1.1796875,3092.48,30.9248,26.1,10.2,8.5,122641,,,,,,,,0.0,0.0,0.0,0.0
130,92,I.atropurpurea,KUR,2023-03-08,195,5,61.3,56.3,1.088809946714032,3451.1899999999996,34.5119,25.6,10.4,8,122657,,,,,,,,0.0,0.0,0.0,0.0
131,111,I.atropurpurea,KUR,2023-03-13,195,6,51.2,43.5,1.1770114942528735,2227.2000000000003,22.272,22.3,9.7,8.3,114043,,,,,,,,0.0,0.0,0.0,0.0
132,39,I.atropurpurea,KUR,2023-03-01,196,1,64.4,54.9,1.1730418943533698,3535.5600000000004,35.3556,25.6,15.8,6.4,110730,,7.0,3.0,4.0,0.0,0.0,0.0,0.0,0.0,0.0,0.0
133,40,I.atropurpurea,KUR,2023-03-01,196,2,59.4,53.5,1.1102803738317757,3177.9,31.778999999999996,24.1,4.9,7.5,110747,,,,,,,,0.0,0.0,0.0,0.0
134,41,I.atropurpurea,KUR,2023-03-01,196,3,51.6,49.4,1.0445344129554657,2549.04,25.490399999999998,,,,110814,,,,,,,,0.0,0.0,0.0,0.0
135,47,I.atropurpurea,KUR,2023-03-01,197,1,64.6,57.2,1.1293706293706292,3695.12,36.9512,27.5,13.3,9.6,115554,,7.0,4.0,3.0,0.0,0.0,0.0,0.0,0.0,0.0,0.0
136,48,I.atropurpurea,KUR,2023-03-01,197,2,65.0,55.7,1.1669658886894074,3620.5,36.205,,,,115600,,,,,,,,0.0,0.0,0.0,0.0
137,49,I.atropurpurea,KUR,2023-03-01,197,3,69.0,79.1,0.8723135271807839,5457.9,54.579,29.1,14.6,5.9,115615,,,,,,,,0.0,0.0,0.0,0.0
138,84,I.atropurpurea,KUR,2023-03-08,197,4,73.5,59.7,1.2311557788944723,4387.95,43.8795,27.5,12.8,7.5,114533,,,,,,,,0.0,0.0,0.0,0.0
139,51,I.atropurpurea,KUR,2023-03-01,198,1,85.1,65.2,1.3052147239263803,5548.5199999999995,55.485200000000006,30.9,12.7,8.7,122402,F cut,3.0,1.0,2.0,,0.0,,,,,
140,58,I.atropurpurea,KUR,2023-03-01,199,1,79.0,56.6,1.3957597173144876,4471.400000000001,44.714000000000006,23.6,11.6,6.5,134435,,4.0,2.0,2.0,,,,0.0,0.0,0.0,0.0
141,59,I.atropurpurea,KUR,2023-03-01,199,2,64.3,56.4,1.1400709219858156,3626.5199999999995,36.26519999999999,,,,134445,F cut,,,,,,,,,,
142,66,I.atropurpurea,KUR,2023-03-01,200,1,68.1,62.0,1.0983870967741935,4222.2,42.222,27.8,13.4,4.7,150739,,6.0,3.0,3.0,0.0,0.0,0.0,0.0,0.0,0.0,0.0
143,67,I.atropurpurea,KUR,2023-03-01,200,2,61.2,48.5,1.2618556701030927,2968.2000000000003,29.682,,,,150701,,,,,,,,0.0,0.0,0.0,0.0
144,102,I.atropurpurea,KUR,2023-03-08,200,3,47.7,49.5,0.9636363636363637,2361.15,23.611500000000003,22.5,9.1,9, - ,,,,,,,,0.0,0.0,0.0,0.0
145,70,I.atropurpurea,KUR,2023-03-08,201,1,72.7,59.3,1.2259696458684655,4311.11,43.1111,25.9,11.1,9.4,103332,,6.0,3.0,3.0,0.0,0.0,0.0,0.0,0.0,0.0,0.0
146,71,I.atropurpurea,KUR,2023-03-08,201,2,55.7,52.8,1.0549242424242424,2940.96,29.409599999999998,25.2,12.5,6,103344,,,,,,,,0.0,0.0,0.0,0.0
147,106,I.atropurpurea,KUR,2023-03-13,201,3,62.0,59.4,1.043771043771044,3682.7999999999997,36.827999999999996,23.8,13.2,7.9,110614,,,,,,,,0.0,0.0,0.0,0.0
148,72,I.atropurpurea,KUR,2023-03-08,202,1,64.4,57.5,1.12,3703.0000000000005,37.03,27.1,13.4,9.5,104902,,7.0,3.0,4.0,0.0,0.0,0.0,0.0,0.0,0.0,0.0
149,73,I.atropurpurea,KUR,2023-03-08,202,2,55.8,51.1,1.0919765166340507,2851.38,28.513800000000003,28.7,12.7,9.5,104915,,,,,,,,0.0,0.0,0.0,0.0
150,107,I.atropurpurea,KUR,2023-03-13,202,3,76.0,59.5,1.2773109243697478,4522.0,45.22,30.5,14.9,6.4,111349,,,,,,,,0.0,0.0,0.0,0.0
151,74,I.atropurpurea,KUR,2023-03-08,203,1,67.9,57.1,1.1891418563922942,3877.0900000000006,38.770900000000005,24.2,10.9,7.3,111022,,2.0,2.0,0.0,0.0,0.0,0.0,0.0,0.0,0.0,0.0
152,75,I.atropurpurea,KUR,2023-03-08,203,2,55.0,48.5,1.134020618556701,2667.5,26.674999999999997,24.2,12.0,7.2,111108,,,,,,,,0.0,0.0,0.0,0.0
153,93,I.atropurpurea,KUR,2023-03-08,204,1,75.7,64.7,1.170015455950541,4897.79,48.977900000000005,33.0,11.3,8.6,130027,Flower cut,12.0,6.0,6.0,1.0,0.0,1.0,,,,
154,94,I.atropurpurea,KUR,2023-03-08,204,2,74.4,63.7,1.1679748822605966,4739.280000000001,47.3928,33.4,10.5,8.3,130046,,,,,,,,0.0,0.0,0.0,0.0
155,95,I.atropurpurea,KUR,2023-03-08,204,3,65.3,57.5,1.1356521739130434,3754.75,37.5475,25.5,11.4,6.7,130149,,,,,,,,1.0,12.0,443.1,36.925000000000004
156,96,I.atropurpurea,KUR,2023-03-08,204,4,73.9,65.3,1.1316998468606434,4825.67,48.2567,,,,130217,,,,,,,,0.0,0.0,0.0,0.0
157,97,I.atropurpurea,KUR,2023-03-08,204,5,66.6,60.3,1.1044776119402984,4015.9799999999996,40.15979999999999,,,, - ,,,,,,,,0.0,0.0,0.0,0.0
158,108,I.atropurpurea,KUR,2023-03-13,204,6,67.9,56.9,1.193321616871705,3863.51,38.6351,27.9,11.4,11.6,112154+112156,,,,,,,,0.0,0.0,0.0,0.0
159,99,I.atropurpurea,KUR,2023-03-08,205,1,60.8,58.3,1.0428816466552315,3544.64,35.446400000000004,26.5,12.9,6.6,135642,,3.0,2.0,1.0,0.0,0.0,0.0,0.0,0.0,0.0,0.0
160,100,I.atropurpurea,KUR,2023-03-08,205,2,66.3,57.4,1.1550522648083623,3805.62,38.056200000000004,29.5,12.5,7.6,135657,,,,,,,,0.0,0.0,0.0,0.0
161,104,I.atropurpurea,KUR,2023-03-13,206,1,62.6,50.8,1.2322834645669292,3180.08,31.8008,23.8,10.8,9,105459,,2.0,2.0,0.0,0.0,0.0,0.0,0.0,0.0,0.0,0.0
162,105,I.atropurpurea,KUR,2023-03-13,206,2,59.4,53.0,1.120754716981132,3148.2,31.481999999999996,23.3,11.8,7.5,105444,,,,,,,,0.0,0.0,0.0,0.0
163,109,I.atropurpurea,KUR,2023-03-13,207,1,69.8,67.7,1.0310192023633677,4725.46,47.2546,29.9,10.4,8.7,113325,,10.0,2.0,8.0,0.0,,,0.0,0.0,0.0,0.0
164,110,I.atropurpurea,KUR,2023-03-13,207,2,76.9,74.8,1.0280748663101607,5752.12,57.5212,30.1,14.6,8.2,113336,,,,,,,,0.0,0.0,0.0,0.0
165,113,I.atropurpurea,KUR,2023-03-13,208,1,66.2,52.4,1.2633587786259544,3468.88,34.6888,24.8,11.9,10.3,122210,,2.0,1.0,1.0,0.0,0.0,0.0,0.0,0.0,0.0,0.0
166,114,I.atropurpurea,KUR,2023-03-13,209,1,71.2,55.5,1.2828828828828829,3951.6000000000004,39.516,26.4,12.5,9.9,124056,Rhysome was dugged out,13.0,4.0,9.0,0.0,3.0,3.0,0.0,0.0,0.0,0.0
167,115,I.atropurpurea,KUR,2023-03-13,209,2,70.2,55.1,1.2740471869328494,3868.0200000000004,38.6802,27.9,13.8,8.9,124110,,,,,,,,0.0,0.0,0.0,0.0
168,116,I.atropurpurea,KUR,2023-03-13,209,3,71.9,57.2,1.256993006993007,4112.68,41.12680000000001,26.4,12.8,8.7,124135,,,,,,,,0.0,0.0,0.0,0.0
169,117,I.atropurpurea,KUR,2023-03-13,209,4,57.1,75.5,0.7562913907284768,4311.05,43.1105,24.7,13.0,8.4,124150,,,,,,,,0.0,0.0,0.0,0.0
170,249,I.petrana,YER,2023-03-22,1,1,42.1,44.2,0.9524886877828054,1860.8200000000002,18.6082,26.2,9.3,9.7,135054,,1.0,1.0,0.0,0.0,0.0,0.0,0.0,0.0,0.0,0.0
171,130,I.petrana,YER,2023-03-19,2,1,56.8,59.9,0.9482470784641068,3402.3199999999997,34.0232,29.2,14.5,8.8,101409,,4.0,1.0,3.0,1.0,2.0,3.0,1.0,21.0,676.5,32.214285714285715
172,131,I.petrana,YER,2023-03-19,5,1,65.1,61.8,1.0533980582524272,4023.1799999999994,40.2318,28.8,17.6,8.5,102121,,2.0,1.0,1.0,1.0,1.0,2.0,1.0,34.0,2084.4,61.30588235294118
173,251,I.petrana,YER,2023-03-22,7,1,48.8,48.9,0.9979550102249488,2386.3199999999997,23.8632,30.0,11.4,9.4,140120,,5.0,2.0,3.0,2.0,3.0,5.0,1.0,3.0,103.9,34.63333333333333
174,252,I.petrana,YER,2023-03-22,7,2,54.0,57.5,0.9391304347826087,3105.0,31.05,33.7,12.0,8.9,140135,,,,,,,,1.0,3.0,117.2,39.06666666666667
175,18,I.petrana,YER,2023-03-09,8,1,65.3,63.5,1.0283464566929132,4146.55,41.46549999999999,24.5,15.6,6.5,152344,,1.0,1.0,0.0,1.0,0.0,1.0,1.0,39.0,1024.5,26.26923076923077
176,253,I.petrana,YER,2023-03-22,9,1,69.5,74.9,0.9279038718291054,5205.55,52.0555,35.5,18.0,11.6,140345,,3.0,3.0,0.0,3.0,0.0,3.0,1.0,23.0,1702.7,74.0304347826087
177,254,I.petrana,YER,2023-03-22,9,2,77.0,73.2,1.0519125683060109,5636.400000000001,56.364000000000004,34.6,14.6,11.5,140352,,,,,,,,1.0,22.0,1379.0,62.68181818181818
178,255,I.petrana,YER,2023-03-22,9,3,72.0,68.9,1.0449927431059505,4960.8,49.608000000000004,30.0,15.6,11.9,140356+140359,,,,,,,,1.0,18.0,910.9,50.605555555555554
179,132,I.petrana,YER,2023-03-19,10,1,62.7,59.0,1.0627118644067797,3699.3,36.993,30.7,16.0,12.8,102427,,10.0,4.0,6.0,4.0,2.0,6.0,1.0,38.0,1504.1,39.58157894736842
180,133,I.petrana,YER,2023-03-19,10,2,56.1,51.8,1.0830115830115832,2905.98,29.0598,26.2,11.5,9.3,102455,,,,,,,,1.0,16.0,499.6,31.225
181,134,I.petrana,YER,2023-03-19,10,3,63.2,67.2,0.9404761904761905,4247.04,42.470400000000005,33.7,18.0,11,102522,Fruit was missing,,,,,,,1.0,,,
182,257,I.petrana,YER,2023-03-22,10,4,59.0,62.3,0.9470304975922954,3675.7,36.757,33.0,15.7,12.2,141011,,,,,,,,1.0,42.0,2205.4,52.50952380952381
183,135,I.petrana,YER,2023-03-19,13,1,55.0,52.7,1.0436432637571158,2898.5,28.985000000000003,29.0,14.0,8.2,103002,,2.0,1.0,1.0,1.0,1.0,2.0,1.0,16.0,552.0,34.5
184,19,I.petrana,YER,2023-03-09,15,1,58.0,55.9,1.0375670840787121,3242.2,32.422,31.9,11.1,13.4,153257,,5.0,4.0,1.0,1.0,0.0,1.0,0.0,0.0,0.0,0.0
185,20,I.petrana,YER,2023-03-09,15,2,59.8,56.6,1.0565371024734982,3384.68,33.8468,26.4,10.2,8.4,153317,Fruit,,,,,,,1.0,22.0,637.6,28.981818181818184
186,21,I.petrana,YER,2023-03-09,15,3,55.9,60.9,0.9178981937602627,3404.31,34.043099999999995,29.3,12.8,12.6,153407,,,,,,,,0.0,0.0,0.0,0.0
187,22,I.petrana,YER,2023-03-09,15,4,53.3,47.5,1.1221052631578947,2531.75,25.3175,24.9,10.8,9.7,153444,,,,,,,,0.0,0.0,0.0,0.0
188,143,I.petrana,YER,2023-03-19,17,1,42.4,56.7,0.7477954144620811,2404.08,24.0408,21.5,11.3,6.7,105139,,3.0,1.0,2.0,1.0,1.0,2.0,1.0,19.0,409.1,21.531578947368423
189,141,I.petrana,YER,2023-03-19,18,1,47.6,54.1,0.8798521256931608,2575.1600000000003,25.7516,25.1,14.4,9,104750,,5.0,2.0,3.0,0.0,1.0,1.0,0.0,0.0,0.0,0.0
190,142,I.petrana,YER,2023-03-19,18,2,41.8,53.6,0.7798507462686567,2240.48,22.404799999999998,24.8,9.1,3.9,104756,,,,,,,,0.0,0.0,0.0,0.0
191,140,I.petrana,YER,2023-03-19,19,1,58.9,60.3,0.9767827529021559,3551.6699999999996,35.51669999999999,27.0,11.8,9.3,104426,,3.0,1.0,2.0,1.0,2.0,3.0,1.0,3.0,113.0,37.666666666666664
192,23,I.petrana,YER,2023-03-09,21,1,57.7,63.6,0.9072327044025158,3669.7200000000003,36.6972,26.5,10.7,8, - ,,5.0,2.0,3.0,2.0,0.0,2.0,1.0,39.0,1085.2,27.825641025641026
193,139,I.petrana,YER,2023-03-19,21,2,59.7,54.8,1.0894160583941608,3271.56,32.7156,24.6,11.9,8.4,103915,,,,,,,,1.0,7.0,147.2,21.02857142857143
194,30,I.petrana,YER,2023-03-16,26,1,62.1,69.0,0.9,4284.900000000001,42.849000000000004,29.2,14.1,7.3,94816,"#3 C, took, no fruit",5.0,4.0,1.0,1.0,1.0,2.0,1.0,17.0,542.7,31.923529411764708
195,176,I.petrana,YER,2023-03-19,26,2,57.0,61.1,0.9328968903436988,3482.7000000000003,34.827000000000005,29.0,14.5,9.4,123811,,,,,,,,0.0,0.0,0.0,0.0
196,177,I.petrana,YER,2023-03-19,26,3,43.6,68.1,0.6402349486049927,2969.16,29.6916,22.7,9.9,8,123825,,,,,,,,0.0,0.0,0.0,0.0
197,250,I.petrana,YER,2023-03-22,26,4,59.8,59.0,1.0135593220338983,3528.2,35.282,28.2,14.4,6.9,135549,,,,,,,,0.0,0.0,0.0,0.0
198,28,I.petrana,YER,2023-03-09,27,1,49.9,56.0,0.8910714285714285,2794.4,27.944,29.6,11.0,7, - ,,1.0,1.0,0.0,0.0,0.0,0.0,0.0,0.0,0.0,0.0
199,175,I.petrana,YER,2023-03-19,30,1,57.7,57.1,1.010507880910683,3294.67,32.9467,27.7,12.0,9.5,123208,Small seeds,6.0,2.0,4.0,2.0,4.0,6.0,1.0,35.0,889.1,25.402857142857144
200,265,I.petrana,YER,2023-03-22,30,2,53.0,54.0,0.9814814814814815,2862.0,28.62,27.2,13.0,9,143529,,,,,,,,1.0,29.0,1045.4,36.04827586206897
201,128,I.petrana,YER,2023-03-16,31,1,56.5,47.7,1.1844863731656183,2695.05,26.950500000000005,24.5,13.0,9.2,52545,,1.0,1.0,0.0,0.0,0.0,0.0,0.0,0.0,0.0,0.0
202,26,I.petrana,YER,2023-03-09,32,1,66.0,60.3,1.0945273631840797,3979.7999999999997,39.797999999999995,33.9,14.0,8.2,155934,,3.0,3.0,0.0,3.0,0.0,3.0,1.0,79.0,2565.6,32.4759493670886
203,27,I.petrana,YER,2023-03-09,32,2,63.2,62.3,1.014446227929374,3937.36,39.373599999999996,31.0,11.9,9.1,155941,,,,,,,,1.0,20.0,647.7,32.385000000000005
204,260,I.petrana,YER,2023-03-22,32,3,62.8,61.8,1.0161812297734627,3881.0399999999995,38.810399999999994,31.8,13.5,10.1,141736,,,,,,,,1.0,19.0,683.1,35.95263157894737
205,126,I.petrana,YER,2023-03-16,33,1,56.3,61.3,0.9184339314845025,3451.1899999999996,34.5119,31.4,15.9,11,51844+51840,,3.0,1.0,2.0,1.0,2.0,3.0,1.0,42.0,1441.1,34.311904761904756
206,262,I.petrana,YER,2023-03-22,34,1,54.7,54.4,1.005514705882353,2975.6800000000003,29.756800000000002,26.3,15.9,11.2,142542,,1.0,1.0,0.0,0.0,0.0,0.0,0.0,0.0,0.0,0.0
207,173,I.petrana,YER,2023-03-19,36,1,47.7,64.1,0.7441497659906398,3057.5699999999997,30.575699999999998,22.2,12.8,10.6,121842,,1.0,1.0,0.0,0.0,0.0,0.0,0.0,0.0,0.0,0.0
208,150,I.petrana,YER,2023-03-19,39,1,76.8,81.8,0.9388753056234719,6282.24,62.822399999999995,36.1,17.0,11.4,112223,,6.0,3.0,3.0,1.0,3.0,4.0,1.0,59.0,3166.2,53.664406779661014
209,151,I.petrana,YER,2023-03-19,39,2,69.4,77.6,0.8943298969072166,5385.44,53.8544,32.8,13.8,14.8,112245,,,,,,,,0.0,0.0,0.0,0.0
210,152,I.petrana,YER,2023-03-19,39,3,57.4,59.8,0.959866220735786,3432.5199999999995,34.325199999999995,22.9,13.7,12.5,112254,,,,,,,,0.0,0.0,0.0,0.0
211,153,I.petrana,YER,2023-03-19,40,1,61.9,64.2,0.9641744548286604,3973.98,39.739799999999995,30.4,16.2,9.1,112500,,5.0,4.0,1.0,3.0,1.0,4.0,1.0,63.0,1256.8,19.94920634920635
212,154,I.petrana,YER,2023-03-19,40,2,49.6,54.0,0.9185185185185185,2678.4,26.784000000000002,24.1,12.6,13,112508,,,,,,,,0.0,0.0,0.0,0.0
213,155,I.petrana,YER,2023-03-19,40,3,58.5,62.8,0.9315286624203822,3673.7999999999997,36.73799999999999,28.8,13.8,11.2,112548,,,,,,,,1.0,18.0,423.8,23.544444444444444
214,290,I.petrana,YER,2023-03-28,40,4,44.4,55.6,0.7985611510791366,2468.64,24.6864,25.7,14.2,13.2,112653,Very small seeds,,,,,,,1.0,19.0,396.4,20.86315789473684
215,156,I.petrana,YER,2023-03-19,43,1,41.3,51.4,0.8035019455252917,2122.8199999999997,21.228199999999998,19.8,9.3,8,113219,,4.0,1.0,3.0,0.0,0.0,0.0,0.0,0.0,0.0,0.0
216,275,I.petrana,YER,2023-03-22,44,1,59.5,59.7,0.9966499162479061,3552.15,35.5215,28.9,14.5,9.9,145549,,1.0,1.0,0.0,1.0,0.0,1.0,1.0,34.0,1738.4,51.129411764705885
217,161,I.petrana,YER,2023-03-19,47,1,39.0,60.8,0.6414473684210527,2371.2,23.712,29.0,16.3,6.7,115152,,17.0,5.0,12.0,4.0,9.0,13.0,1.0,11.0,431.6,39.23636363636364
218,162,I.petrana,YER,2023-03-19,47,2,41.7,65.3,0.6385911179173048,2723.01,27.230099999999997,29.0,16.8,9.6,115205,,,,,,,,1.0,36.0,1287.5,35.763888888888886
219,163,I.petrana,YER,2023-03-19,47,3,62.3,64.0,0.9734375,3987.2,39.872,30.3,15.8,11.2,115217,,,,,,,,1.0,62.0,2286.5,36.87903225806452
220,164,I.petrana,YER,2023-03-19,47,4,59.3,68.9,0.8606676342525398,4085.77,40.8577,28.1,13.3,9.2,115228,,,,,,,,1.0,22.0,1292.9,58.76818181818182
221,165,I.petrana,YER,2023-03-19,47,5,39.1,56.8,0.6883802816901409,2220.88,22.2088,30.0,14.5,10.6,115236,,,,,,,,0.0,0.0,0.0,0.0
222,171,I.petrana,YER,2023-03-19,50,1,47.0,65.4,0.7186544342507645,3073.8,30.738000000000007,24.7,12.5,10.1,121003+121005,,4.0,2.0,2.0,1.0,1.0,2.0,0.0,0.0,0.0,0.0
223,172,I.petrana,YER,2023-03-19,50,2,56.5,77.0,0.7337662337662337,4350.5,43.505,27.7,13.7,10,121036,,,,,,,,1.0,28.0,588.0,21.0
224,207,I.petrana,YER,2023-03-22,53,1,58.0,59.3,0.9780775716694773,3439.3999999999996,34.394,31.4,14.7,13.2,103652,,8.0,5.0,3.0,4.0,2.0,6.0,1.0,20.0,422.7,21.134999999999998
225,208,I.petrana,YER,2023-03-22,53,2,56.9,60.4,0.9420529801324503,3436.7599999999998,34.367599999999996,34.5,15.0,12,103707,,,,,,,,1.0,33.0,1100.1,33.336363636363636
226,209,I.petrana,YER,2023-03-22,53,3,59.4,66.9,0.8878923766816142,3973.86,39.7386,31.4,17.5,8.7,103722,,,,,,,,1.0,12.0,397.0,33.083333333333336
227,210,I.petrana,YER,2023-03-22,53,4,51.6,59.3,0.8701517706576729,3059.88,30.5988,30.2,13.7,10.7,103739,Fruit was missing,,,,,,,0.0,0.0,0.0,0.0
228,211,I.petrana,YER,2023-03-22,53,5,50.8,56.6,0.8975265017667844,2875.2799999999997,28.7528,27.7,14.5,13.4,103753,,,,,,,,1.0,21.0,520.3,24.776190476190475
229,9,I.petrana,YER,2023-03-09,54,1,71.5,60.6,1.1798679867986799,4332.900000000001,43.32900000000001,29.6,13.0,8,110043,,8.0,3.0,5.0,2.0,2.0,4.0,1.0,44.0,1318.6,29.968181818181815
230,31,I.petrana,YER,2023-03-16,54,2,69.0,59.0,1.1694915254237288,4071.0,40.71000000000001,28.5,15.5,12.6,95718,,,,,,,,1.0,27.0,863.2,31.97037037037037
231,32,I.petrana,YER,2023-03-16,54,3,67.3,61.2,1.099673202614379,4118.76,41.187599999999996,27.7,13.0,8.7,95730,,,,,,,,0.0,0.0,0.0,0.0
232,33,I.petrana,YER,2023-03-16,55,1,61.2,56.6,1.0812720848056538,3463.92,34.6392,27.9,14.1,8.9,100144,Very small seeds,3.0,2.0,1.0,2.0,1.0,3.0,1.0,50.0,1332.1,26.642
233,34,I.petrana,YER,2023-03-16,55,2,58.2,52.2,1.1149425287356323,3038.0400000000004,30.380400000000005,29.0,11.8,9.6,100155,Very small seeds,,,,,,,1.0,33.0,525.3,15.918181818181816
234,8,I.petrana,YER,2023-03-09,57,1,57.2,59.9,0.9549248747913189,3426.28,34.262800000000006,29.7,14.6,6.2,105443,Small seeds,8.0,3.0,5.0,2.0,1.0,3.0,1.0,6.0,216.7,36.11666666666667
235,39,I.petrana,YER,2023-03-16,57,2,47.6,47.8,0.99581589958159,2275.2799999999997,22.752799999999997,25.6,11.7,8.3,101615,No fruit,,,,,,,0.0,0.0,0.0,0.0
236,197,I.petrana,YER,2023-03-22,57,3,40.2,49.5,0.8121212121212121,1989.9,19.899000000000004,26.6,11.9,8.2,100357,Small seeds,,,,,,,1.0,4.0,85.3,21.325
237,44,I.petrana,YER,2023-03-16,60,1,55.8,50.0,1.1159999999999999,2790.0,27.9,27.1,14.4,9.6,103056,,6.0,4.0,2.0,4.0,1.0,5.0,1.0,42.0,1283.1,30.549999999999997
238,45,I.petrana,YER,2023-03-16,60,2,51.4,52.2,0.9846743295019156,2683.08,26.8308,24.9,12.7,9.9,103103,,,,,,,,1.0,20.0,347.4,17.369999999999997
239,46,I.petrana,YER,2023-03-16,60,3,57.0,54.1,1.0536044362292052,3083.7000000000003,30.837000000000003,30.0,13.9,8.2,103110,,,,,,,,1.0,15.0,485.9,32.39333333333333
240,198,I.petrana,YER,2023-03-22,60,4,39.2,40.5,0.9679012345679013,1587.6000000000001,15.876000000000001,22.9,10.7,8.9,100749+100752,,,,,,,,1.0,4.0,169.1,42.275
241,47,I.petrana,YER,2023-03-16,61,1,45.8,49.5,0.9252525252525252,2267.1,22.671000000000003,22.3,11.3,9.2,103256,,1.0,1.0,0.0,1.0,0.0,1.0,1.0,8.0,158.9,19.8625
242,48,I.petrana,YER,2023-03-16,64,1,56.9,56.7,1.00352733686067,3226.23,32.262299999999996,28.8,10.1,9.7,103541,,1.0,1.0,0.0,1.0,0.0,1.0,1.0,0.0,0.0,0.0
243,93,I.petrana,YER,2023-03-16,65,1,39.0,47.7,0.8176100628930817,1860.3000000000002,18.603,22.6,12.0,7.6,32814,,4.0,3.0,1.0,1.0,0.0,1.0,0.0,0.0,0.0,0.0
244,94,I.petrana,YER,2023-03-16,65,2,45.5,55.6,0.8183453237410072,2529.8,25.298000000000002,22.8,13.4,8,32824,,,,,,,,0.0,0.0,0.0,0.0
245,95,I.petrana,YER,2023-03-16,65,3,51.9,57.0,0.9105263157894736,2958.2999999999997,29.583,26.3,15.6,8.9,32831,,,,,,,,1.0,19.0,379.8,19.989473684210527
246,199,I.petrana,YER,2023-03-22,66,1,50.2,50.0,1.004,2510.0,25.1,24.6,11.7,7.9,101130,,5.0,3.0,2.0,3.0,0.0,3.0,1.0,5.0,105.3,21.06
247,200,I.petrana,YER,2023-03-22,66,2,52.4,51.0,1.0274509803921568,2672.4,26.724,25.9,10.4,12.2,101138,,,,,,,,1.0,12.0,391.4,32.61666666666667
248,201,I.petrana,YER,2023-03-22,66,3,48.5,49.4,0.9817813765182186,2395.9,23.958999999999996,24.6,12.2,9.6,101145,,,,,,,,1.0,0.0,0.0,0.0
249,202,I.petrana,YER,2023-03-22,67,1,61.7,63.8,0.9670846394984327,3936.46,39.364599999999996,29.6,15.0,8.6,101458,,2.0,1.0,1.0,1.0,1.0,2.0,1.0,25.0,962.5,38.5
250,49,I.petrana,YER,2023-03-16,68,1,53.4,55.6,0.9604316546762589,2969.04,29.6904,28.8,13.7,9,103841,,1.0,1.0,0.0,1.0,0.0,1.0,1.0,16.0,380.5,23.78125
251,203,I.petrana,YER,2023-03-22,72,1,47.3,55.4,0.8537906137184115,2620.4199999999996,26.204199999999997,24.2,11.4,8.9,101724,Written 74,1.0,1.0,0.0,0.0,0.0,0.0,0.0,0.0,0.0,0.0
252,204,I.petrana,YER,2023-03-22,73,1,48.9,62.3,0.7849117174959872,3046.47,30.464699999999997,26.0,10.9,7.4,102018,,4.0,3.0,1.0,2.0,1.0,3.0,1.0,5.0,151.3,30.26
253,205,I.petrana,YER,2023-03-22,73,2,44.7,45.6,0.9802631578947368,2038.3200000000002,20.383200000000006,23.5,10.6,7.2,102025,No fruit,,,,,,,0.0,0.0,0.0,0.0
254,206,I.petrana,YER,2023-03-22,73,3,58.6,63.2,0.9272151898734177,3703.5200000000004,37.0352,27.6,11.9,9.1,102031,,,,,,,,1.0,21.0,535.1,25.48095238095238
255,59,I.petrana,YER,2023-03-16,74,1,54.5,59.9,0.9098497495826378,3264.5499999999997,32.645500000000006,25.5,16.6,9,111450,,2.0,1.0,1.0,1.0,1.0,2.0,1.0,23.0,609.8,26.51304347826087
256,96,I.petrana,YER,2023-03-16,78,1,64.9,54.9,1.1821493624772315,3563.01,35.630100000000006,30.0,13.5,10.4,34009,,3.0,2.0,1.0,2.0,1.0,3.0,1.0,28.0,1169.2,41.75714285714286
257,97,I.petrana,YER,2023-03-16,78,2,69.1,70.0,0.9871428571428571,4837.0,48.37,30.3,14.6,8.5,34039,,,,,,,,1.0,47.0,1759.1,37.42765957446808
258,98,I.petrana,YER,2023-03-16,79,1,63.3,58.7,1.078364565587734,3715.71,37.1571,29.5,14.5,9.4,34515,,7.0,5.0,2.0,4.0,1.0,5.0,1.0,26.0,961.7,36.98846153846154
259,99,I.petrana,YER,2023-03-16,79,2,51.3,53.8,0.9535315985130112,2759.9399999999996,27.5994,26.8,13.0,9.9,34524+34530,,,,,,,,1.0,28.0,977.4,34.90714285714286
260,100,I.petrana,YER,2023-03-16,79,3,47.3,47.9,0.9874739039665971,2265.6699999999996,22.656699999999997,23.0,11.9,9.9,34538+34552,,,,,,,,1.0,16.0,578.9,36.18125
261,101,I.petrana,YER,2023-03-16,79,4,51.0,52.0,0.9807692307692307,2652.0,26.52,24.3,12.3,6.8,34558,No fruit,,,,,,,0.0,0.0,0.0,0.0
262,193,I.petrana,YER,2023-03-22,79,5,45.6,49.1,0.9287169042769857,2238.96,22.3896,19.5,7.7,5.9,94849,,,,,,,,1.0,11.0,305.6,27.781818181818185
263,102,I.petrana,YER,2023-03-16,80,1,62.9,59.8,1.0518394648829432,3761.4199999999996,37.6142,27.9,15.3,9.3,35104,,7.0,3.0,4.0,3.0,2.0,5.0,1.0,34.0,908.8,26.72941176470588
264,103,I.petrana,YER,2023-03-16,80,2,60.7,57.1,1.063047285464098,3465.9700000000003,34.6597,28.4,14.9,9.3,35110,,,,,,,,1.0,49.0,822.1,16.777551020408165
265,104,I.petrana,YER,2023-03-16,80,3,67.4,59.6,1.1308724832214765,4017.0400000000004,40.1704,30.0,16.2,9.2,35120,,,,,,,,1.0,39.0,1237.0,31.71794871794872
266,35,I.petrana,YER,2023-03-16,82,1,67.2,61.4,1.0944625407166124,4126.08,41.2608,31.2,15.6,6.7,101120,,5.0,4.0,1.0,4.0,1.0,5.0,1.0,7.0,245.6,35.08571428571428
267,36,I.petrana,YER,2023-03-16,82,2,51.2,53.4,0.958801498127341,2734.08,27.3408,24.9,12.9,9.8,101147,,,,,,,,1.0,10.0,319.0,31.9
268,37,I.petrana,YER,2023-03-16,82,3,48.8,52.6,0.9277566539923954,2566.88,25.668799999999997,28.8,17.2,8.8,101202,Written 52,,,,,,,1.0,20.0,612.2,30.610000000000003
269,38,I.petrana,YER,2023-03-16,82,4,61.1,54.7,1.117001828153565,3342.17,33.42170000000001,25.0,12.3,11.8,101225,Written 52,,,,,,,1.0,32.0,884.3,27.634375
270,7,I.petrana,YER,2023-03-09,83,1,66.2,59.0,1.1220338983050848,3905.8,39.058,30.4,12.0,8.5,105533,,5.0,2.0,3.0,1.0,3.0,4.0,1.0,41.0,1078.2,26.297560975609755
271,194,I.petrana,YER,2023-03-22,83,2,30.9,41.1,0.7518248175182481,1269.99,12.6999,17.0,7.7,6,95224,,,,,,,,0.0,0.0,0.0,0.0
272,195,I.petrana,YER,2023-03-22,84,1,73.6,40.0,1.8399999999999999,2944.0,29.439999999999998,25.4,11.0,9.3,95426,,1.0,1.0,0.0,1.0,0.0,1.0,1.0,11.0,412.7,37.518181818181816
273,43,I.petrana,YER,2023-03-16,87,1,45.5,47.1,0.9660297239915074,2143.05,21.4305,22.1,11.3,9.3,102340,,2.0,2.0,0.0,0.0,0.0,0.0,0.0,0.0,0.0,0.0
274,291,I.petrana,YER,2023-03-28,87,2,55.4,56.3,0.9840142095914742,3119.02,31.1902,22.2,13.6,11.6,123330,,,,,,,,0.0,0.0,0.0,0.0
275,40,I.petrana,YER,2023-03-16,88,1,64.4,63.5,1.0141732283464568,4089.4000000000005,40.894,29.5,12.8,7.8,102111,,7.0,4.0,3.0,3.0,3.0,6.0,1.0,41.0,941.9,22.973170731707317
276,41,I.petrana,YER,2023-03-16,88,2,62.7,68.3,0.9180087847730601,4282.41,42.8241,32.2,12.2,7.5,102125,,,,,,,,1.0,53.0,1179.7,22.258490566037736
277,42,I.petrana,YER,2023-03-16,88,3,65.0,60.0,1.0833333333333333,3900.0,39.0,29.8,14.3,8.8,102141,,,,,,,,1.0,14.0,313.6,22.400000000000002
278,196,I.petrana,YER,2023-03-22,88,4,54.1,41.7,1.2973621103117505,2255.9700000000003,22.5597,20.8,9.7,4.9,100425,,,,,,,,0.0,0.0,0.0,0.0
279,92,I.petrana,YER,2023-03-16,90,1,45.7,63.9,0.7151799687010956,2920.23,29.2023,25.9,13.7,11.9,31426,,1.0,1.0,0.0,1.0,0.0,1.0,1.0,13.0,189.1,14.546153846153846
280,10,I.petrana,YER,2023-03-09,97,1,70.2,66.7,1.0524737631184409,4682.34,46.8234,32.4,13.4,8.1,111631,,4.0,2.0,2.0,2.0,0.0,2.0,1.0,13.0,568.8,43.75384615384615
281,64,I.petrana,YER,2023-03-16,97,2,47.4,58.7,0.807495741056218,2782.38,27.823800000000002,31.7,14.1,6.9,113306,,,,,,,,1.0,15.0,577.9,38.526666666666664
282,212,I.petrana,YER,2023-03-22,98,1,52.8,52.3,1.0095602294455066,2761.4399999999996,27.614399999999993,28.3,11.9,9.2,104525,,4.0,1.0,3.0,0.0,0.0,0.0,0.0,0.0,0.0,0.0
283,11,I.petrana,YER,2023-03-09,99,1,54.8,46.0,1.191304347826087,2520.7999999999997,25.207999999999995,26.1,13.3,6.6,111922,,8.0,4.0,4.0,2.0,2.0,4.0,1.0,26.0,511.6,19.676923076923078
284,61,I.petrana,YER,2023-03-16,99,2,49.3,47.0,1.048936170212766,2317.1,23.171,24.0,13.2,8.1,112859,,,,,,,,0.0,0.0,0.0,0.0
285,62,I.petrana,YER,2023-03-16,99,3,45.8,40.8,1.1225490196078431,1868.6399999999996,18.6864,21.4,10.0,8.3,112905,,,,,,,,0.0,0.0,0.0,0.0
286,63,I.petrana,YER,2023-03-16,99,4,49.3,48.6,1.01440329218107,2395.98,23.9598,27.8,14.3,8.4,112912,,,,,,,,1.0,22.0,188.2,8.554545454545455
287,12,I.petrana,YER,2023-03-09,100,1,60.5,55.9,1.0822898032200359,3381.95,33.8195,28.2,13.5,11.3,112056,"Fruits 1,2 ",8.0,3.0,5.0,2.0,2.0,4.0,1.0,42.0,831.7,19.802380952380954
288,13,I.petrana,YER,2023-03-09,100,2,55.6,53.2,1.045112781954887,2957.92,29.579200000000004,23.7,10.9,10.3,112103,,,,,,,,1.0,27.0,565.0,20.925925925925927
289,60,I.petrana,YER,2023-03-16,100,3,50.3,48.6,1.0349794238683128,2444.58,24.4458,23.5,12.5,9.5,112423,,,,,,,,0.0,0.0,0.0,0.0
290,88,I.petrana,YER,2023-03-16,105,1,40.2,56.0,0.7178571428571429,2251.2000000000003,22.512,25.6,11.5,6.9,125306,Written 205,2.0,2.0,0.0,2.0,0.0,2.0,1.0,25.0,578.5,23.14
291,89,I.petrana,YER,2023-03-16,105,2,51.4,61.7,0.8330632090761749,3171.38,31.7138,28.4,13.5,9.3,125314,Written 205,,,,,,,1.0,53.0,1424.8,26.883018867924527
292,87,I.petrana,YER,2023-03-16,106,1,44.8,51.9,0.8631984585741811,2325.12,23.251199999999994,23.3,10.1,6.3,124903,,3.0,1.0,2.0,0.0,2.0,2.0,0.0,0.0,0.0,0.0
293,191,I.petrana,YER,2023-03-19,108,1,53.0,67.5,0.7851851851851852,3577.5,35.775,23.5,13.8,6.5,145331,,3.0,2.0,1.0,0.0,0.0,0.0,0.0,0.0,0.0,0.0
294,192,I.petrana,YER,2023-03-19,108,2,55.0,51.3,1.0721247563352827,2821.5,28.215,20.5,9.9,9,145336,,,,,,,,0.0,0.0,0.0,0.0
295,80,I.petrana,YER,2023-03-16,112,1,45.8,52.6,0.8707224334600759,2409.08,24.090799999999998,26.2,12.5,7.1,121502,,2.0,1.0,1.0,1.0,1.0,2.0,1.0,18.0,456.2,25.344444444444445
296,79,I.petrana,YER,2023-03-16,115,1,56.8,60.5,0.9388429752066115,3436.3999999999996,34.364,31.0,15.0,9.2,121050,,4.0,2.0,2.0,2.0,0.0,2.0,1.0,11.0,242.1,22.009090909090908
297,248,I.petrana,YER,2023-03-22,115,2,52.0,59.6,0.87248322147651,3099.2000000000003,30.992,32.2,15.9,7.2,131726,,,,,,,,1.0,14.0,412.6,29.47142857142857
298,245,I.petrana,YER,2023-03-22,117,1,47.7,49.5,0.9636363636363637,2361.15,23.611500000000003,24.1,12.7,8.3,130943,,2.0,1.0,1.0,1.0,0.0,1.0,1.0,0.0,0.0,0.0
299,242,I.petrana,YER,2023-03-22,118,1,63.4,63.4,1.0,4019.56,40.1956,29.2,12.3,7.8,130714,,3.0,3.0,0.0,1.0,0.0,1.0,1.0,25.0,1900.6,76.024
300,243,I.petrana,YER,2023-03-22,118,2,63.4,64.3,0.9860031104199067,4076.62,40.7662,22.2,11.9,8.6,130732,,,,,,,,0.0,0.0,0.0,0.0
301,244,I.petrana,YER,2023-03-22,118,3,58.3,76.2,0.7650918635170603,4442.46,44.4246,25.2,8.2,6.7,130745,,,,,,,,0.0,0.0,0.0,0.0
302,73,I.petrana,YER,2023-03-16,119,1,54.2,59.4,0.9124579124579125,3219.48,32.194799999999994,54.9,11.2,4.5,115725,,6.0,4.0,2.0,2.0,0.0,2.0,1.0,5.0,168.2,33.64
303,74,I.petrana,YER,2023-03-16,119,2,54.7,56.2,0.9733096085409253,3074.1400000000003,30.741400000000006,25.9,8.9,7.7,115729,Very small seeds,,,,,,,1.0,11.0,128.4,11.672727272727274
304,240,I.petrana,YER,2023-03-22,119,3,46.5,47.8,0.9728033472803348,2222.7,22.227,22.7,8.8,5.6,130129,,,,,,,,0.0,0.0,0.0,0.0
305,241,I.petrana,YER,2023-03-22,119,4,42.4,46.4,0.9137931034482759,1967.36,19.6736,20.5,10.0,6.5,130142,,,,,,,,0.0,0.0,0.0,0.0
306,237,I.petrana,YER,2023-03-22,120,1,55.8,58.8,0.9489795918367346,3281.0399999999995,32.8104,29.6,13.7,7.9,125323,,5.0,3.0,2.0,1.0,2.0,3.0,0.0,0.0,0.0,0.0
307,238,I.petrana,YER,2023-03-22,120,2,61.2,85.5,0.7157894736842105,5232.6,52.32600000000001,30.8,11.4,12.5,125331,,,,,,,,1.0,18.0,476.9,26.494444444444444
308,239,I.petrana,YER,2023-03-22,120,3,49.9,61.8,0.8074433656957929,3083.8199999999997,30.8382,26.8,13.1,6.9,125345,,,,,,,,0.0,0.0,0.0,0.0
309,91,I.petrana,YER,2023-03-16,121,1,74.0,77.3,0.9573091849935317,5720.2,57.202,34.7,11.7,9,130926,Seed dispersed (bag off),3.0,2.0,1.0,2.0,1.0,3.0,1.0,6.0,256.7,42.78333333333333
310,236,I.petrana,YER,2023-03-22,121,2,42.8,65.0,0.6584615384615384,2782.0,27.819999999999997,29.5,13.9,7.1,124946,,,,,,,,1.0,11.0,408.2,37.10909090909091
311,4,I.petrana,YER,2023-03-09,122,1,53.2,49.5,1.0747474747474748,2633.4,26.334000000000003,25.8,11.8,7.4,101347,,2.0,1.0,1.0,1.0,0.0,1.0,1.0,6.0,118.6,19.766666666666666
312,71,I.petrana,YER,2023-03-16,123,1,49.8,57.8,0.8615916955017301,2878.4399999999996,28.784399999999994,26.4,14.8,8.6, - ,Small seeds,2.0,2.0,0.0,1.0,0.0,1.0,1.0,33.0,535.6,16.23030303030303
313,72,I.petrana,YER,2023-03-16,123,2,34.2,49.4,0.6923076923076924,1689.48,16.8948,14.9,11.4,9.9, - ,,,,,,,,0.0,0.0,0.0,0.0
314,90,I.petrana,YER,2023-03-16,124,1,64.2,56.8,1.1302816901408452,3646.56,36.465599999999995,28.6,14.3,9.3,130703,,4.0,4.0,0.0,3.0,0.0,3.0,1.0,35.0,1085.9,31.025714285714287
315,233,I.petrana,YER,2023-03-22,124,2,56.1,46.7,1.2012847965738758,2619.8700000000003,26.198700000000002,25.3,11.3,8.3,124709,,,,,,,,0.0,0.0,0.0,0.0
316,234,I.petrana,YER,2023-03-22,124,3,58.9,49.1,1.1995926680244398,2891.9900000000002,28.9199,26.3,14.3,9,124718,,,,,,,,1.0,20.0,530.5,26.525
317,235,I.petrana,YER,2023-03-22,124,4,50.4,50.3,1.0019880715705767,2535.12,25.3512,27.3,15.3,11.9,124729,,,,,,,,1.0,5.0,211.9,42.38
318,3,I.petrana,YER,2023-03-09,127,1,60.5,59.3,1.0202360876897134,3587.6499999999996,35.8765,29.0,9.9,7.1,95122,,8.0,4.0,4.0,2.0,1.0,3.0,1.0,28.0,838.3,29.939285714285713
319,75,I.petrana,YER,2023-03-16,127,2,55.0,77.3,0.7115135834411385,4251.5,42.515,30.1,13.5,7.5,120406,,,,,,,,0.0,0.0,0.0,0.0
320,76,I.petrana,YER,2023-03-16,127,3,47.1,70.9,0.6643159379407616,3339.3900000000003,33.3939,27.5,10.6,6.5,120416,,,,,,,,1.0,0.0,0.0,0.0
321,77,I.petrana,YER,2023-03-16,127,4,47.2,50.9,0.9273084479371317,2402.48,24.024800000000003,25.8,9.9,6.4,120426,,,,,,,,0.0,0.0,0.0,0.0
322,1,I.petrana,YER,2023-03-09,128,1,67.4,55.8,1.2078853046594984,3760.92,37.6092,30.9,13.8,8.9,95108,,8.0,5.0,3.0,5.0,3.0,8.0,1.0,64.0,2359.8,36.871875
323,2,I.petrana,YER,2023-03-09,128,2,65.5,64.0,1.0234375,4192.0,41.92,29.2,12.1,7.3,95112,,,,,,,,1.0,0.0,0.0,0.0
324,78,I.petrana,YER,2023-03-16,128,3,54.3,66.6,0.8153153153153153,3616.3799999999997,36.163799999999995,32.8,12.9,8.8,120800,,,,,,,,1.0,79.0,2509.9,31.770886075949367
325,246,I.petrana,YER,2023-03-22,128,4,49.9,50.7,0.9842209072978303,2529.9300000000003,25.299300000000002,24.9,12.2,9.6,131254,,,,,,,,1.0,21.0,501.4,23.876190476190477
326,247,I.petrana,YER,2023-03-22,128,5,43.8,51.5,0.8504854368932039,2255.7,22.557000000000002,26.9,12.3,5.8,131314,,,,,,,,1.0,22.0,672.0,30.545454545454547
327,129,I.petrana,YER,2023-03-16,131,1,51.8,50.6,1.0237154150197627,2621.08,26.210800000000003,25.2,12.0,7.9,54302,Flower was gone ,1.0,1.0,0.0,,0.0,,,,,
328,261,I.petrana,YER,2023-03-22,135,1,62.4,59.2,1.054054054054054,3694.08,36.9408,26.3,15.4,11.2,142244,,3.0,2.0,1.0,2.0,1.0,3.0,1.0,25.0,507.6,20.304000000000002
329,287,I.petrana,YER,2023-03-28,135,2,55.6,56.1,0.9910873440285205,3119.1600000000003,31.191600000000005,29.1,15.9,7.3,110923,,,,,,,,1.0,7.0,261.6,37.371428571428574
330,181,I.petrana,YER,2023-03-19,137,1,42.2,56.7,0.7442680776014109,2392.7400000000002,23.927400000000002,25.7,15.5,8.6,131918,,4.0,1.0,3.0,1.0,2.0,3.0,1.0,6.0,169.8,28.3
331,186,I.petrana,YER,2023-03-19,143,1,56.0,61.8,0.9061488673139159,3460.7999999999997,34.608,26.8,11.9,9.2,134449,,8.0,5.0,3.0,3.0,3.0,6.0,1.0,15.0,421.5,28.1
332,187,I.petrana,YER,2023-03-19,143,2,52.4,67.9,0.7717231222385861,3557.96,35.579600000000006,31.0,12.7,10.9,134508,,,,,,,,1.0,36.0,1200.5,33.34722222222222
333,281,I.petrana,YER,2023-03-28,143,3,67.7,63.0,1.0746031746031746,4265.1,42.651,31.3,14.1,10.1,104327+104352,,,,,,,,1.0,12.0,648.1,54.00833333333333
334,282,I.petrana,YER,2023-03-28,143,4,74.1,64.6,1.1470588235294117,4786.859999999999,47.86859999999999,36.1,17.5,7.4,104410,,,,,,,,0.0,0.0,0.0,0.0
335,283,I.petrana,YER,2023-03-28,143,5,68.9,65.0,1.06,4478.5,44.785000000000004,32.5,14.9,9,104421+104423,,,,,,,,0.0,0.0,0.0,0.0
336,284,I.petrana,YER,2023-03-28,146,1,62.9,76.3,0.8243774574049804,4799.2699999999995,47.9927,29.7,11.8,7.3,110324,,3.0,3.0,0.0,3.0,0.0,3.0,1.0,18.0,1250.0,69.44444444444444
337,285,I.petrana,YER,2023-03-28,146,2,63.7,63.9,0.996870109546166,4070.4300000000003,40.704299999999996,27.6,13.0,9.5,110343,,,,,,,,1.0,16.0,594.1,37.13125
338,286,I.petrana,YER,2023-03-28,146,3,61.2,59.3,1.0320404721753795,3629.16,36.291599999999995,27.9,12.3,8.3,110351,,,,,,,,1.0,13.0,497.4,38.26153846153846
339,277,I.petrana,YER,2023-03-28,147,1,50.5,67.5,0.7481481481481481,3408.75,34.0875,30.9,10.3,7.9,101043,,2.0,1.0,1.0,1.0,1.0,2.0,1.0,33.0,2060.3,62.43333333333334
340,182,I.petrana,YER,2023-03-19,148,1,56.4,62.8,0.8980891719745223,3541.9199999999996,35.4192,30.2,10.5,9.8,132937,,1.0,1.0,0.0,1.0,0.0,1.0,1.0,38.0,906.5,23.855263157894736
341,256,I.petrana,YER,2023-03-22,156,1,40.0,42.7,0.9367681498829039,1708.0,17.080000000000002,25.1,12.6,8.9,140815,,2.0,1.0,1.0,0.0,0.0,0.0,0.0,0.0,0.0,0.0
342,144,I.petrana,YER,2023-03-19,157,1,52.9,57.4,0.921602787456446,3036.46,30.364600000000003,30.3,15.0,9.4,110322,,7.0,4.0,3.0,3.0,2.0,5.0,0.0,0.0,0.0,0.0
343,145,I.petrana,YER,2023-03-19,157,2,44.5,60.4,0.7367549668874173,2687.7999999999997,26.878,30.9,15.7,6.5,110328,,,,,,,,1.0,13.0,305.6,23.50769230769231
344,146,I.petrana,YER,2023-03-19,157,3,38.2,49.4,0.7732793522267207,1887.0800000000002,18.8708,22.8,15.2,7.9,110340,,,,,,,,1.0,14.0,326.4,23.314285714285713
345,147,I.petrana,YER,2023-03-19,157,4,49.4,51.1,0.9667318982387475,2524.34,25.243399999999998,25.7,15.4,8.8,110403,,,,,,,,1.0,19.0,605.6,31.873684210526317
346,29,I.petrana,YER,2023-03-09,161,1,51.7,58.9,0.8777589134125637,3045.13,30.451299999999996,28.9,12.5,9.3, - ,,7.0,2.0,5.0,1.0,5.0,6.0,1.0,10.0,296.7,29.669999999999998
347,264,I.petrana,YER,2023-03-22,161,2,45.9,48.9,0.9386503067484663,2244.5099999999998,22.445099999999996,20.4,8.5,4,143334,,,,,,,,0.0,0.0,0.0,0.0
348,258,I.petrana,YER,2023-03-22,163,1,63.0,50.9,1.237721021611002,3206.7,32.067,29.7,17.7,13.4,141523,,3.0,3.0,0.0,3.0,0.0,3.0,1.0,16.0,664.4,41.525
349,259,I.petrana,YER,2023-03-22,163,2,55.6,54.6,1.0183150183150182,3035.76,30.3576,27.7,15.7,11.8,141540,,,,,,,,1.0,0.0,0.0,0.0
350,288,I.petrana,YER,2023-03-28,163,3,51.6,52.0,0.9923076923076923,2683.2000000000003,26.832,28.7,15.8,9,111212,,,,,,,,1.0,0.0,0.0,0.0
351,24,I.petrana,YER,2023-03-09,165,1,65.5,65.8,0.9954407294832828,4309.9,43.099,27.5,14.3,7.8,154936,,3.0,2.0,1.0,2.0,1.0,3.0,1.0,39.0,1085.2,27.825641025641026
352,25,I.petrana,YER,2023-03-09,165,2,61.5,52.6,1.1692015209125475,3234.9,32.349000000000004,21.9,10.7,14.1,154944,,,,,,,,1.0,44.0,1054.5,23.96590909090909
353,127,I.petrana,YER,2023-03-16,167,1,69.9,60.7,1.1515650741350907,4242.93,42.429300000000005,29.3,13.8,10.5,52150,,3.0,3.0,0.0,2.0,0.0,2.0,1.0,57.0,1543.4,27.077192982456143
354,174,I.petrana,YER,2023-03-19,167,2,49.8,70.0,0.7114285714285714,3486.0,34.86,24.7,10.8,11.5,122909,,,,,,,,0.0,0.0,0.0,0.0
355,263,I.petrana,YER,2023-03-22,167,3,58.7,55.2,1.0634057971014492,3240.2400000000002,32.4024,28.9,12.6,9,143006,,,,,,,,1.0,34.0,1278.2,37.59411764705882
356,136,I.petrana,YER,2023-03-19,168,1,53.2,52.6,1.0114068441064639,2798.32,27.9832,24.6,9.7,7.2,103501,,6.0,3.0,3.0,2.0,1.0,3.0,0.0,0.0,0.0,0.0
357,137,I.petrana,YER,2023-03-19,168,2,63.4,53.2,1.1917293233082706,3372.88,33.7288,26.8,9.9,8.3,103509,,,,,,,,1.0,40.0,1338.9,33.472500000000004
358,138,I.petrana,YER,2023-03-19,168,3,62.2,67.0,0.9283582089552239,4167.400000000001,41.67400000000001,24.7,11.3,6.6,103528,,,,,,,,1.0,44.0,1328.3,30.188636363636363
359,149,I.petrana,YER,2023-03-19,170,1,55.2,62.0,0.8903225806451613,3422.4,34.224000000000004,28.5,14.6,9.4,111659,,7.0,5.0,2.0,5.0,2.0,7.0,1.0,38.0,1611.9,42.41842105263158
360,268,I.petrana,YER,2023-03-22,170,2,55.1,56.4,0.9769503546099291,3107.64,31.076399999999996,28.9,11.9,10.9,144705,,,,,,,,1.0,17.0,581.9,34.22941176470588
361,269,I.petrana,YER,2023-03-22,170,3,47.4,54.4,0.8713235294117647,2578.56,25.7856,31.6,14.5,8.5,144717,,,,,,,,1.0,27.0,1680.5,62.24074074074074
362,270,I.petrana,YER,2023-03-22,170,4,49.5,50.4,0.9821428571428572,2494.7999999999997,24.948,28.3,11.8,10.4,144732,,,,,,,,1.0,16.0,600.1,37.50625
363,271,I.petrana,YER,2023-03-22,170,5,44.4,51.5,0.8621359223300971,2286.6,22.866,30.1,15.4,8.2,144745,,,,,,,,1.0,22.0,1121.2,50.96363636363637
364,159,I.petrana,YER,2023-03-19,172,1,51.2,66.6,0.7687687687687689,3409.92,34.099199999999996,25.7,11.6,9.4,114021,,3.0,2.0,1.0,1.0,1.0,2.0,0.0,0.0,0.0,0.0
365,267,I.petrana,YER,2023-03-22,172,2,58.1,62.2,0.9340836012861736,3613.82,36.138200000000005,28.4,13.5,11.4,144258,,,,,,,,1.0,22.0,1017.7,46.25909090909091
366,157,I.petrana,YER,2023-03-19,173,1,45.4,58.0,0.7827586206896552,2633.2,26.332,23.0,13.2,13.5,113804,,4.0,2.0,2.0,2.0,1.0,3.0,1.0,9.0,347.0,38.55555555555556
367,158,I.petrana,YER,2023-03-19,173,2,54.4,53.1,1.024482109227872,2888.64,28.8864,24.9,15.2,11,113814,,,,,,,,1.0,6.0,160.8,26.8
368,169,I.petrana,YER,2023-03-19,174,1,56.5,58.0,0.9741379310344828,3277.0,32.77,28.4,12.6,4.5,120548,174B,3.0,3.0,0.0,2.0,0.0,2.0,1.0,12.0,486.1,40.50833333333333
369,170,I.petrana,YER,2023-03-19,174,2,52.4,62.8,0.8343949044585988,3290.72,32.907199999999996,22.2,10.2,13,120601,174B,,,,,,,0.0,0.0,0.0,0.0
370,266,I.petrana,YER,2023-03-22,174,3,72.7,63.3,1.1484992101105846,4601.91,46.0191,34.2,15.0,12,144132,174B,,,,,,,1.0,33.0,942.0,28.545454545454547
371,160,I.petrana,YER,2023-03-19,175,1,58.4,60.5,0.965289256198347,3533.2,35.332,29.3,13.5,10.4,114316,,4.0,1.0,3.0,0.0,3.0,3.0,0.0,0.0,0.0,0.0
372,166,I.petrana,YER,2023-03-19,177,1,57.9,56.4,1.0265957446808511,3265.56,32.6556,25.6,15.5,8.5,115839,,6.0,3.0,3.0,0.0,0.0,0.0,0.0,0.0,0.0,0.0
373,167,I.petrana,YER,2023-03-19,177,2,47.7,53.4,0.8932584269662922,2547.1800000000003,25.4718,30.8,14.1,7.9,115849,,,,,,,,0.0,0.0,0.0,0.0
374,168,I.petrana,YER,2023-03-19,177,3,53.2,57.6,0.9236111111111112,3064.32,30.6432,30.9,14.2,10.7,115856,,,,,,,,0.0,0.0,0.0,0.0
375,125,I.petrana,YER,2023-03-16,179,1,55.9,55.8,1.0017921146953406,3119.22,31.1922,25.8,12.7,8.9,51217,,5.0,5.0,0.0,3.0,0.0,3.0,1.0,44.0,1351.7,30.720454545454547
376,272,I.petrana,YER,2023-03-22,179,2,51.4,65.4,0.7859327217125381,3361.5600000000004,33.6156,27.2,15.0,10,145320,,,,,,,,1.0,8.0,131.1,16.3875
377,273,I.petrana,YER,2023-03-22,179,3,48.4,52.7,0.9184060721062618,2550.68,25.506800000000002,27.2,10.6,7.9,145330,,,,,,,,0.0,0.0,0.0,0.0
378,274,I.petrana,YER,2023-03-22,179,4,45.0,59.7,0.7537688442211055,2686.5,26.865000000000002,27.9,12.1,7.3,145338,,,,,,,,0.0,0.0,0.0,0.0
379,289,I.petrana,YER,2023-03-28,179,5,48.6,52.9,0.9187145557655955,2570.94,25.709400000000002,30.3,14.0,7.5,112202,,,,,,,,1.0,30.0,1110.1,37.00333333333333
380,15,I.petrana,YER,2023-03-09,181,1,65.2,66.4,0.9819277108433735,4329.280000000001,43.29280000000001,35.2,8.9,8.5,115331,,9.0,3.0,6.0,3.0,5.0,8.0,1.0,44.0,981.1,22.297727272727272
381,110,I.petrana,YER,2023-03-16,181,2,51.2,58.6,0.8737201365187713,3000.32,30.003200000000003,33.9,13.9,9,42909,,,,,,,,1.0,27.0,1014.6,37.577777777777776
382,111,I.petrana,YER,2023-03-16,181,3,50.4,53.4,0.9438202247191011,2691.3599999999997,26.9136,31.2,11.2,8.6,42931,,,,,,,,1.0,19.0,541.9,28.521052631578947
383,112,I.petrana,YER,2023-03-16,185,1,58.5,67.1,0.8718330849478391,3925.3499999999995,39.253499999999995,27.2,15.3,8,43858,,6.0,4.0,2.0,2.0,1.0,3.0,0.0,0.0,0.0,0.0
384,113,I.petrana,YER,2023-03-16,185,2,55.1,55.2,0.9981884057971014,3041.5200000000004,30.415200000000002,30.5,13.6,9.1,43918,,,,,,,,1.0,28.0,734.3,26.224999999999998
385,114,I.petrana,YER,2023-03-16,185,3,48.7,46.6,1.0450643776824036,2269.42,22.694200000000002,24.8,11.4,9.1,43942,,,,,,,,1.0,8.0,223.0,27.875
386,115,I.petrana,YER,2023-03-16,185,4,46.6,52.5,0.8876190476190476,2446.5,24.465,25.4,12.1,10.3,43955,,,,,,,,0.0,0.0,0.0,0.0
387,227,I.petrana,YER,2023-03-22,188,1,60.2,61.4,0.980456026058632,3696.28,36.9628,33.3,15.8,7.9,114314,,2.0,2.0,0.0,2.0,0.0,2.0,1.0,0.0,0.0,0.0
388,228,I.petrana,YER,2023-03-22,188,2,67.2,63.0,1.0666666666666667,4233.6,42.336000000000006,33.0,14.5,7.5,114320,,,,,,,,1.0,6.0,272.0,45.333333333333336
389,108,I.petrana,YER,2023-03-16,192,1,68.4,58.7,1.1652470187393527,4015.0800000000004,40.150800000000004,34.2,13.4,8.2,41951,,2.0,1.0,1.0,1.0,0.0,1.0,1.0,51.0,1548.5,30.362745098039216
390,121,I.petrana,YER,2023-03-16,193,1,54.2,62.7,0.8644338118022329,3398.34,33.9834,31.3,15.2,10.5,50158,,7.0,5.0,2.0,3.0,2.0,5.0,1.0,47.0,1360.5,28.9468085106383
391,122,I.petrana,YER,2023-03-16,193,2,61.9,64.7,0.9567233384853168,4004.9300000000003,40.0493,32.3,15.8,8.6,50203,,,,,,,,0.0,0.0,0.0,0.0
392,123,I.petrana,YER,2023-03-16,193,3,60.9,58.1,1.0481927710843373,3538.29,35.3829,28.2,15.3,8.5,50209,,,,,,,,1.0,15.0,582.1,38.806666666666665
393,124,I.petrana,YER,2023-03-16,193,4,52.2,55.2,0.9456521739130435,2881.4400000000005,28.814400000000006,22.8,12.7,8.5,50215,"Fruit was open, no bag",,,,,,,1.0,,,
394,221,I.petrana,YER,2023-03-22,193,5,45.5,57.7,0.7885615251299827,2625.35,26.253500000000003,27.5,12.7,8.5,112909,,,,,,,,0.0,0.0,0.0,0.0
395,107,I.petrana,YER,2023-03-16,195,1,65.3,58.2,1.1219931271477661,3800.46,38.004599999999996,32.5,15.6,13.4,41240+41244,,6.0,6.0,0.0,5.0,0.0,5.0,1.0,34.0,1013.3,29.802941176470586
396,222,I.petrana,YER,2023-03-22,195,2,64.6,57.7,1.119584055459272,3727.42,37.2742,26.6,13.9,12.3,113608_01+113608_99+113617,,,,,,,,1.0,17.0,825.0,48.529411764705884
397,223,I.petrana,YER,2023-03-22,195,3,62.3,58.8,1.0595238095238095,3663.24,36.6324,30.0,11.8,10.5,113551,,,,,,,,1.0,44.0,1618.7,36.788636363636364
398,224,I.petrana,YER,2023-03-22,195,4,61.7,55.6,1.1097122302158273,3430.5200000000004,34.3052,30.8,14.4,11.1,113633,,,,,,,,1.0,17.0,618.4,36.37647058823529
399,225,I.petrana,YER,2023-03-22,195,5,54.2,58.2,0.9312714776632303,3154.4400000000005,31.5444,32.5,11.8,8.9,113647+113649,,,,,,,,0.0,0.0,0.0,0.0
400,294,I.petrana,YER,2023-03-28,195,6,60.4,53.4,1.1310861423220975,3225.3599999999997,32.2536,27.4,14.2,11.7,125356,,,,,,,,1.0,10.0,495.8,49.58
401,219,I.petrana,YER,2023-03-22,200,1,55.0,51.0,1.0784313725490196,2805.0,28.049999999999997,29.0,16.0,17.3,112119,,4.0,3.0,1.0,1.0,0.0,1.0,0.0,0.0,0.0,0.0
402,220,I.petrana,YER,2023-03-22,200,2,46.6,45.2,1.0309734513274336,2106.32,21.063200000000002,24.8,12.0,14.8,112135,,,,,,,,1.0,2.0,64.8,32.4
403,293,I.petrana,YER,2023-03-28,200,3,42.0,50.7,0.8284023668639052,2129.4,21.294,27.7,16.3,8.9,124555,,,,,,,,0.0,0.0,0.0,0.0
404,55,I.petrana,YER,2023-03-16,201,1,58.4,57.0,1.024561403508772,3328.7999999999997,33.288,29.2,11.7,9.3, - ,,4.0,3.0,1.0,1.0,1.0,2.0,0.0,0.0,0.0,0.0
405,217,I.petrana,YER,2023-03-22,201,2,49.4,67.5,0.7318518518518519,3334.5,33.345,32.0,15.8,13.5,111759,,,,,,,,1.0,6.0,260.8,43.46666666666667
406,218,I.petrana,YER,2023-03-22,201,3,54.3,55.8,0.9731182795698925,3029.9399999999996,30.2994,32.2,11.9,9.1,111806,,,,,,,,0.0,0.0,0.0,0.0
407,50,I.petrana,YER,2023-03-16,202,1,54.1,60.0,0.9016666666666667,3246.0,32.46,31.3,14.9,1900-01-11 21:36:00,104114,,2.0,2.0,0.0,1.0,0.0,1.0,1.0,4.0,108.3,27.075
408,214,I.petrana,YER,2023-03-22,202,2,52.3,45.8,1.1419213973799127,2395.3399999999997,23.9534,23.9,14.4,10,105440,,,,,,,,0.0,0.0,0.0,0.0
409,105,I.petrana,YER,2023-03-16,204,1,50.3,55.2,0.911231884057971,2776.56,27.7656,27.7,13.6,7.9,40153,,2.0,1.0,1.0,1.0,0.0,1.0,1.0,31.0,1218.8,39.31612903225806
410,56,I.petrana,YER,2023-03-16,206,1,54.2,64.3,0.8429237947122863,3485.06,34.8506,26.2,10.9,8.6,105605,,2.0,1.0,1.0,0.0,1.0,1.0,0.0,0.0,0.0,0.0
411,57,I.petrana,YER,2023-03-16,211,1,45.4,43.3,1.048498845265589,1965.8199999999997,19.6582,19.6,9.1,8.2,110148,,1.0,1.0,0.0,0.0,0.0,0.0,0.0,0.0,0.0,0.0
412,178,I.petrana,YER,2023-03-19,213,1,49.2,63.8,0.7711598746081505,3138.96,31.389599999999998,29.8,13.3,7.7,125150,Small seeds,2.0,1.0,1.0,1.0,1.0,2.0,1.0,28.0,518.8,18.52857142857143
413,230,I.petrana,YER,2023-03-22,217,1,56.0,54.0,1.037037037037037,3024.0,30.24,28.7,13.4,10.4,120602+120608,117 in Samer's notes,5.0,2.0,3.0,2.0,2.0,4.0,1.0,0.0,0.0,0.0
414,231,I.petrana,YER,2023-03-22,217,2,59.9,55.5,1.0792792792792794,3324.45,33.2445,27.9,14.0,10.4,120621+120625,117 in Samer's notes,,,,,,,1.0,0.0,0.0,0.0
415,179,I.petrana,YER,2023-03-19,223,1,48.0,56.0,0.8571428571428571,2688.0,26.88,27.8,12.5,7.3,130345,,1.0,1.0,0.0,1.0,0.0,1.0,1.0,0.0,0.0,0.0
416,148,I.petrana,YER,2023-03-19,226,1,41.7,63.2,0.6598101265822784,2635.4400000000005,26.354400000000002,27.2,11.9,7.6,111318,,3.0,1.0,2.0,1.0,0.0,1.0,1.0,5.0,131.5,26.3
417,213,I.petrana,YER,2023-03-22,228,1,47.1,49.9,0.9438877755511023,2350.29,23.5029,25.1,12.5,10.2,105150,Flower not found,2.0,1.0,1.0,,1.0,,,,,
418,119,I.petrana,YER,2023-03-16,232,1,54.0,53.4,1.0112359550561798,2883.6,28.836000000000002,26.4,14.6,13.6,45424+45526,,6.0,3.0,3.0,2.0,2.0,4.0,1.0,27.0,782.1,28.96666666666667
419,120,I.petrana,YER,2023-03-16,232,2,50.7,48.0,1.0562500000000001,2433.6000000000004,24.336000000000002,28.0,14.0,13.3,45455,,,,,,,,1.0,5.0,77.4,15.48
420,229,I.petrana,YER,2023-03-22,232,3,51.0,52.6,0.9695817490494296,2682.6,26.825999999999997,27.0,13.3,6.9,114840,,,,,,,,0.0,0.0,0.0,0.0
421,14,I.petrana,YER,2023-03-09,234,1,55.0,48.2,1.1410788381742738,2651.0,26.51,21.8,10.3,10.2,112956,,17.0,8.0,9.0,3.0,4.0,7.0,0.0,0.0,0.0,0.0
422,65,I.petrana,YER,2023-03-16,234,2,41.9,45.9,0.9128540305010894,1923.2099999999998,19.232099999999996,22.2,12.7,11.8,114508+114513,,,,,,,,1.0,16.0,256.8,16.05
423,66,I.petrana,YER,2023-03-16,234,3,50.0,54.6,0.9157509157509157,2730.0,27.3,25.5,13.5,13.9,114525,,,,,,,,1.0,24.0,518.7,21.6125
424,67,I.petrana,YER,2023-03-16,234,4,47.8,49.5,0.9656565656565655,2366.1,23.660999999999998,26.2,12.3,10.9,114540,,,,,,,,0.0,0.0,0.0,0.0
425,68,I.petrana,YER,2023-03-16,234,5,42.2,47.1,0.8959660297239915,1987.6200000000001,19.876200000000004,22.8,12.6,11.5,114552,,,,,,,,0.0,0.0,0.0,0.0
426,69,I.petrana,YER,2023-03-16,234,6,46.1,47.8,0.9644351464435147,2203.58,22.0358,22.6,12.2,10.6,114607,,,,,,,,0.0,0.0,0.0,0.0
427,70,I.petrana,YER,2023-03-16,234,7,45.9,44.9,1.022271714922049,2060.91,20.6091,21.2,13.1,11.9,114618,,,,,,,,1.0,15.0,372.1,24.80666666666667
428,232,I.petrana,YER,2023-03-22,234,8,41.0,41.1,0.9975669099756691,1685.1000000000001,16.851,23.6,12.0,9.5,124113,,,,,,,,0.0,0.0,0.0,0.0
429,188,I.petrana,YER,2023-03-19,235,1,58.3,70.8,0.8234463276836158,4127.639999999999,41.2764,28.9,15.2,10.8,134646,,2.0,1.0,1.0,1.0,1.0,2.0,1.0,26.0,612.4,23.553846153846152
430,5,I.petrana,YER,2023-03-09,237,1,61.9,62.1,0.9967793880837359,3843.99,38.439899999999994,27.8,10.7,6.7,103556,,24.0,8.0,16.0,2.0,0.0,2.0,0.0,0.0,0.0,0.0
431,6,I.petrana,YER,2023-03-09,237,2,42.9,50.6,0.8478260869565217,2170.74,21.707400000000003,22.6,9.5,5.4,103615,,,,,,,,0.0,0.0,0.0,0.0
432,81,I.petrana,YER,2023-03-16,237,3,47.9,52.7,0.9089184060721062,2524.33,25.2433,25.7,11.9,6.6,121949,127 in size pages,,,,,,,0.0,0.0,0.0,0.0
433,82,I.petrana,YER,2023-03-16,237,4,47.8,50.7,0.942800788954635,2423.46,24.234599999999997,21.7,9.3,6.1,122011,127 in size pages,,,,,,,0.0,0.0,0.0,0.0
434,83,I.petrana,YER,2023-03-16,237,5,47.9,59.4,0.8063973063973064,2845.2599999999998,28.452599999999997,23.6,10.6,7.8,122034,"127 in size pages, 234 in image",,,,,,,0.0,0.0,0.0,0.0
435,84,I.petrana,YER,2023-03-16,237,6,49.0,57.9,0.846286701208981,2837.1,28.371000000000002,21.0,12.0,7,122048,127 in size pages,,,,,,,1.0,8.0,132.0,16.5
436,85,I.petrana,YER,2023-03-16,237,7,44.3,53.1,0.8342749529190207,2352.33,23.5233,22.3,9.0,5.7,122109,127 in size pages,,,,,,,0.0,0.0,0.0,0.0
437,86,I.petrana,YER,2023-03-16,237,8,52.6,66.9,0.7862481315396113,3518.9400000000005,35.1894,27.7,13.0,9.2,122133,127 in size pages,,,,,,,1.0,5.0,208.1,41.62
438,180,I.petrana,YER,2023-03-19,238,1,64.8,62.6,1.035143769968051,4056.48,40.5648,26.0,13.2,11.7,131535+131540,,3.0,2.0,1.0,1.0,1.0,2.0,1.0,0.0,0.0,0.0
439,276,I.petrana,YER,2023-03-28,238,2,72.0,57.4,1.2543554006968642,4132.8,41.328,28.7,13.9,12.3,100700,,,,,,,,0.0,0.0,0.0,0.0
440,280,I.petrana,YER,2023-03-28,241,1,40.1,53.5,0.7495327102803738,2145.35,21.4535,20.8,11.4,7.5,103349+103416,,1.0,1.0,0.0,1.0,0.0,1.0,1.0,2.0,16.1,8.05
441,16,I.petrana,YER,2023-03-09,900,1,74.9,47.0,1.5936170212765959,3520.3,35.203,34.8,17.0,10.4,120220,,3.0,2.0,1.0,2.0,1.0,3.0,1.0,76.0,1952.1,25.685526315789474
442,17,I.petrana,YER,2023-03-09,900,2,65.1,69.5,0.9366906474820144,4524.45,45.2445,35.0,13.6,13.5,120255,,,,,,,,1.0,39.0,1977.8,50.712820512820514
443,58,I.petrana,YER,2023-03-16,902,1,43.1,45.9,0.9389978213507626,1978.29,19.7829,22.4,15.2,12.9,110426,,4.0,2.0,2.0,2.0,1.0,3.0,1.0,10.0,180.0,18.0
444,292,I.petrana,YER,2023-03-28,902,2,54.2,48.5,1.1175257731958763,2628.7000000000003,26.287,25.8,14.8,10.8,123836+123855,,,,,,,,1.0,11.0,145.9,13.263636363636364
445,109,I.petrana,YER,2023-03-16,903,1,57.2,67.1,0.8524590163934428,3838.12,38.3812,27.4,12.0,12,42416,,4.0,3.0,1.0,3.0,1.0,4.0,1.0,25.0,444.9,17.796
446,226,I.petrana,YER,2023-03-22,903,2,47.4,53.0,0.8943396226415095,2512.2,25.122,27.2,12.4,9.9,114007,,,,,,,,1.0,24.0,324.2,13.508333333333333
447,295,I.petrana,YER,2023-03-28,903,3,53.3,55.0,0.969090909090909,2931.5,29.315,31.5,14.1,6.3,130211,,,,,,,,1.0,7.0,68.9,9.842857142857143
448,117,I.petrana,YER,2023-03-16,905,1,48.0,61.2,0.7843137254901961,2937.6000000000004,29.375999999999998,33.0,12.8,10.9,45022,,4.0,3.0,1.0,3.0,1.0,4.0,1.0,22.0,875.1,39.77727272727273
449,116,I.petrana,YER,2023-03-16,905,2,66.8,61.9,1.0791599353796446,4134.92,41.349199999999996,30.6,13.0,11.5,45036,,,,,,,,1.0,36.0,1377.3,38.25833333333333
450,118,I.petrana,YER,2023-03-16,905,3,55.0,59.3,0.927487352445194,3261.5,32.614999999999995,30.6,11.3,9.8,45046+45050,,,,,,,,1.0,18.0,598.4,33.24444444444444
451,183,I.petrana,YER,2023-03-19,911,1,64.2,68.4,0.9385964912280701,4391.280000000001,43.912800000000004,30.7,15.3,9.8,133749,,5.0,4.0,1.0,3.0,1.0,4.0,1.0,37.0,1020.0,27.56756756756757
452,184,I.petrana,YER,2023-03-19,911,2,53.7,61.7,0.8703403565640194,3313.2900000000004,33.1329,28.5,13.2,11,133757,,,,,,,,1.0,22.0,747.8,33.99090909090909
453,185,I.petrana,YER,2023-03-19,911,3,56.6,55.2,1.0253623188405796,3124.32,31.2432,25.7,10.2,11.7,133826,,,,,,,,0.0,0.0,0.0,0.0
454,278,I.petrana,YER,2023-03-28,911,4,59.7,56.4,1.0585106382978724,3367.08,33.6708,29.0,13.5,10.9,101525+101530,,,,,,,,1.0,7.0,210.1,30.014285714285712
455,189,I.petrana,YER,2023-03-19,914,1,61.7,68.7,0.8981077147016012,4238.79,42.3879,24.8,12.3,11.1,140121,,4.0,2.0,2.0,2.0,2.0,4.0,1.0,50.0,1257.7,25.154
456,190,I.petrana,YER,2023-03-19,914,2,65.1,63.4,1.0268138801261828,4127.339999999999,41.273399999999995,26.9,14.2,8.7,140128,,,,,,,,1.0,16.0,338.7,21.16875
457,215,I.petrana,YER,2023-03-22,917,1,54.0,63.1,0.8557844690966719,3407.4,34.074000000000005,27.5,11.2,8.8,110827,,4.0,1.0,3.0,0.0,3.0,3.0,0.0,0.0,0.0,0.0
458,51,I.petrana,YER,2023-03-16,918,1,56.9,57.4,0.9912891986062717,3266.06,32.660599999999995,31.7,15.6,9.2,104814,,7.0,5.0,2.0,4.0,2.0,6.0,1.0,28.0,989.2,35.32857142857143
459,52,I.petrana,YER,2023-03-16,918,2,62.8,54.9,1.1438979963570128,3447.72,34.477199999999996,30.3,12.4,9.6,104831,,,,,,,,1.0,41.0,1157.6,28.23414634146341
460,53,I.petrana,YER,2023-03-16,918,3,61.8,60.6,1.0198019801980198,3745.08,37.4508,33.4,12.6,8,104858,,,,,,,,1.0,50.0,1482.4,29.648000000000003
461,54,I.petrana,YER,2023-03-16,918,4,56.0,63.2,0.8860759493670886,3539.2000000000003,35.391999999999996,34.4,16.0,7.7,104910,,,,,,,,1.0,35.0,1251.6,35.76
462,216,I.petrana,YER,2023-03-22,918,5,50.0,50.4,0.9920634920634921,2520.0,25.2,26.4,12.3,9.2,111249,,,,,,,,0.0,0.0,0.0,0.0
463,279,I.petrana,YER,2023-03-28,920,1,53.5,53.5,1.0,2862.25,28.622499999999995,24.3,13.4,11.5,102606,,1.0,1.0,0.0,1.0,0.0,1.0,1.0,6.0,201.6,33.6
464,106,I.petrana,YER,2023-03-16,921,1,57.8,53.3,1.0844277673545966,3080.74,30.807399999999998,27.1,13.0,9.9,40614,,1.0,1.0,0.0,1.0,0.0,1.0,1.0,60.0,586.5,9.775
