S.No.,date,day,population,area,genotype_id,Flower_id,treatment,length_mm,width_mm,ratio_len_wid,Flower_size,tunnel_length,entr_length,entr_height,tunnel_volume_cm,bp_area,fruit,seed,seed_weight
1,2024-02-07,1,NET,BLUE,N119,119.1,CONTROL,100.6,81.5,1.2343558282208589,81.98899999999999,34.1,14.1,8.9,4.279209,8.166,1.0,8.0,0.34
2,2024-02-07,1,NET,BROWN,N185,185.1,SUPP,84.0,77.2,1.088082901554404,64.848,33.6,11.6,7.8,3.0401279999999997,7.224,1.0,55.0,2.1
3,2024-02-07,1,NET,RED,N186,186.1,CONTROL,94.5,72.5,1.303448275862069,68.5125,31.0,16.2,8.9,4.46958,7.652,1.0,39.0,1.0
4,2024-02-07,1,NET,RED,N186,186.2,CONTROL,91.5,70.5,1.297872340425532,64.5075,28.0,11.8,7.9,2.6101600000000005,7.958,0.0,0.0,
5,2024-02-07,1,NET,GREEN,N187,187.1,CONTROL,95.1,71.1,1.3375527426160339,67.61609999999999,31.4,16.8,7.7,4.061904,5.656,0.0,0.0,
6,2024-02-07,1,NET,GREEN,N188,188.1,CONTROL,92.8,76.4,1.2146596858638743,70.89920000000001,31.5,14.4,8.7,3.9463199999999996,6.947,0.0,0.0,
7,2024-02-07,1,NET,GREEN,N188,188.2,CONTROL,74.1,71.4,1.03781512605042,52.907399999999996,31.5,14.6,5.8,2.6674199999999995,9.572,1.0,21.0,0.8
8,2024-02-07,1,NET,GREEN,N188,188.3,CONTROL,78.7,74.8,1.0521390374331552,58.8676,30.7,13.5,9.3,3.854385,7.501,1.0,30.0,1.12
9,2024-02-07,1,NET,GREEN,N188,188.4,CONTROL,78.2,60.1,1.3011647254575707,46.998200000000004,28.1,11.0,10.4,3.21464,7.588,0.0,0.0,
10,2024-02-11,5,NET,BLUE,N007,7.1,CONTROL,65.9,58.5,1.1264957264957265,38.551500000000004,31.5,14.7,9.2,4.260059999999999,7.778,1.0,15.0,0.8
11,2024-02-11,5,NET,BLUE,N189,189.1,CONTROL,82.2,68.6,1.1982507288629738,56.3892,31.0,13.7,7.3,3.10031,11.262,0.0,0.0,
12,2024-02-11,5,NET,BLUE,N189,189.2,CONTROL,73.6,63.7,1.1554160125588695,46.883199999999995,30.2,11.1,8.9,2.9834579999999997,10.557,1.0,9.0,0.4
13,2024-02-11,5,NET,BLUE,N190,190.1,CONTROL,90.4,75.6,1.195767195767196,68.3424,30.9,15.6,10.0,4.820399999999999,6.996,1.0,16.0,0.66
14,2024-02-11,5,NET,BLUE,N122,122.1,SUPP,75.1,59.6,1.2600671140939597,44.7596,33.6,11.2,7.8,2.9352959999999997,8.043,0.0,0.0,
15,2024-02-11,5,NET,ORANGE,N902,902.1,SUPP,78.1,64.7,1.2071097372488406,50.530699999999996,34.0,17.4,10.1,5.975159999999999,5.978,1.0,6.0,0.1
16,2024-02-11,5,NET,PINK,N055,55.1,CONTROL,75.1,59.4,1.2643097643097643,44.609399999999994,31.7,11.0,8.7,3.0336899999999996,6.016,0.0,0.0,
17,2024-02-11,5,NET,PINK,N055,55.2,CONTROL,72.5,59.6,1.2164429530201342,43.21,33.1,11.5,7.3,2.7787450000000002,6.225,1.0,26.0,0.41
18,2024-02-11,5,NET,GREEN,N187,187.2,CONTROL,84.4,69.0,1.2231884057971016,58.236000000000004,33.0,15.6,5.1,2.6254799999999996,7.646,1.0,8.0,0.32
19,2024-02-11,5,NET,GREEN,N187,187.3,CONTROL,85.7,75.3,1.1381142098273573,64.5321,37.6,16.4,8.5,5.24144,6.894,1.0,37.0,1.2
20,2024-02-11,5,NET,GREEN,N187,187.4,CONTROL,85.3,72.7,1.1733149931224207,62.0131,,,,,7.956,0.0,0.0,
21,2024-02-11,5,NET,GREEN,N191,191.1,CONTROL,75.9,66.0,1.1500000000000001,50.09400000000001,36.2,14.1,8.7,4.440653999999999,8.987,0.0,0.0,
22,2024-02-11,5,NET,GREEN,N191,191.2,CONTROL,79.5,68.7,1.1572052401746724,54.6165,32.8,14.3,7.1,3.3301839999999996,8.496,0.0,0.0,
23,2024-02-11,5,NET,GREEN,N191,191.3,CONTROL,80.1,69.4,1.154178674351585,55.589400000000005,35.9,15.1,9.4,5.0956459999999995,6.667,0.0,0.0,
24,2024-02-11,5,NET,GREEN,N191,191.4,CONTROL,86.1,72.5,1.1875862068965517,62.4225,33.8,13.4,9.7,4.393324,10.661,1.0,71.0,2.56
25,2024-02-11,5,NET,GREEN,N188,188.5,CONTROL,72.1,56.7,1.2716049382716048,40.8807,29.1,13.6,9.4,3.7201440000000003,8.179,0.0,0.0,
26,2024-02-11,5,NET,GREEN,N188,188.6,CONTROL,85.4,74.7,1.143239625167336,63.79380000000001,34.8,13.2,9.3,4.272048,8.113,1.0,12.0,0.6
27,2024-02-21,15,NET,GREEN,N041,41.1,CONTROL,69.1,70.2,0.9843304843304842,48.508199999999995,30.5,15.2,8.2,3.8015199999999996,7.182,0.0,0.0,
28,2024-02-21,15,NET,GREEN,N041,41.2,CONTROL,74.1,64.1,1.15600624024961,47.498099999999994,30.6,14.6,7.8,3.484728,9.62,0.0,0.0,
29,2024-02-21,15,NET,GREEN,N051,51.1,CONTROL,79.1,64.8,1.220679012345679,51.25679999999999,35.5,18.0,11.2,7.1568,7.978,0.0,0.0,
30,2024-02-21,15,NET,GREEN,N192,192.1,SUPP,77.7,65.7,1.182648401826484,51.0489,35.4,10.8,8.6,3.2879519999999998,6.6,1.0,8.0,0.62
31,2024-02-21,15,NET,GREEN,N192,192.2,SUPP,74.9,62.5,1.1984000000000001,46.8125,38.0,15.7,6.7,3.9972200000000004,7.672,1.0,23.0,1.04
32,2024-02-21,15,NET,GREEN,N192,192.3,SUPP,71.2,60.0,1.1866666666666668,42.72,34.3,17.5,7.5,4.501875,7.856,0.0,0.0,
33,2024-02-21,15,NET,GREEN,N188,188.101,CONTROL,71.9,63.2,1.1376582278481013,45.44080000000001,33.2,15.5,7.6,3.91096,8.751,1.0,18.0,0.44
34,2024-02-21,15,NET,GREEN,N906,906.1,CONTROL,86.1,68.0,1.2661764705882352,58.547999999999995,35.0,12.2,7.9,3.3733,7.508,0.0,0.0,
35,2024-02-21,15,NET,GREEN,N193,193.1,CONTROL,77.8,66.2,1.175226586102719,51.5036,30.1,14.8,7.4,3.296552,7.092,0.0,0.0,
36,2024-02-21,15,NET,GREEN,N193,193.2,CONTROL,76.5,68.2,1.1217008797653958,52.173,31.3,12.1,8.9,3.3706970000000003,7.403,1.0,12.0,0.42
37,2024-02-21,15,NET,BLUE,N111,111.1,SUPP,88.5,77.5,1.1419354838709677,68.5875,36.7,14.9,9.0,4.92147,10.089,0.0,0.0,
38,2024-02-21,15,NET,BLUE,N189,189.3,CONTROL,63.4,60.5,1.0479338842975205,38.357,30.3,12.4,8.5,3.19362,9.945,1.0,9.0,0.4
39,2024-02-21,15,NET,BLUE,N190,190.2,CONTROL,73.9,59.7,1.23785594639866,44.118300000000005,29.4,14.8,8.3,3.6114960000000007,6.774,1.0,,
40,2024-02-21,15,NET,PINK,N056,56.1,CONTROL,70.3,64.0,1.0984375,44.992,28.1,13.1,7.0,2.57677,7.472,1.0,14.0,0.99
41,2024-02-21,15,NET,PINK,N056,56.2,CONTROL,67.9,64.8,1.0478395061728396,43.9992,28.2,12.2,6.2,2.1330479999999996,8.401,1.0,6.0,0.14
42,2024-02-21,15,NET,PINK,N056,56.3,CONTROL,61.0,52.1,1.1708253358925145,31.781,27.2,10.1,9.3,2.554896,8.452,1.0,28.0,0.8
43,2024-02-21,15,NET,PINK,N073,73.1,SUPP,65.8,54.3,1.2117863720073665,35.7294,31.2,12.2,7.9,3.007056,8.771,1.0,58.0,0.82
44,2024-02-25,19,NET,RED,N186,186.3,CONTROL,79.4,74.5,1.065771812080537,59.153,36.8,14.5,8.9,4.749039999999999,7.397,1.0,21.0,0.7
45,2024-02-25,19,NET,RED,N194,194.1,SUPP,76.6,67.1,1.1415797317436662,51.39859999999999,37.0,14.1,8.8,4.59096,10.493,1.0,8.0,0.4
46,2024-02-25,19,NET,RED,N194,194.2,SUPP,83.1,68.0,1.2220588235294116,56.507999999999996,36.4,11.8,9.3,3.994536,9.828,0.0,0.0,
47,2024-02-25,19,NET,GREEN,N049,49.1,CONTROL,58.8,56.1,1.0481283422459893,32.986799999999995,28.7,13.5,8.2,3.1770899999999997,8.519,0.0,0.0,
48,2024-02-25,19,NET,GREEN,N050,50.1,CONTROL,75.8,61.4,1.2345276872964168,46.541199999999996,30.3,13.0,8.1,3.1905900000000003,6.755,0.0,0.0,
49,2024-02-25,19,NET,GREEN,N050,50.2,CONTROL,69.1,57.4,1.2038327526132404,39.663399999999996,30.0,12.7,7.1,2.7051,11.416,0.0,0.0,
50,2024-02-25,19,NET,GREEN,N050,50.3,CONTROL,63.8,53.8,1.1858736059479553,34.3244,30.3,12.1,6.9,2.5297470000000004,6.779,1.0,32.0,0.62
51,2024-02-25,19,NET,GREEN,N192,192.4,SUPP,79.4,69.9,1.1359084406294706,55.500600000000006,35.6,17.0,8.2,4.96264,7.264,0.0,0.0,
52,2024-02-25,19,NET,GREEN,N192,192.5,SUPP,80.4,63.8,1.2601880877742948,51.2952,36.8,17.7,9.7,6.318191999999998,6.619,1.0,5.0,0.19
53,2024-02-25,19,NET,GREEN,N191,191.5,CONTROL,74.2,68.7,1.0800582241630277,50.9754,35.3,13.1,8.2,3.7919259999999997,12.15,1.0,4.0,0.14
54,2024-02-25,19,NET,GREEN,N191,191.6,CONTROL,78.2,60.0,1.3033333333333335,46.92,34.5,14.8,7.1,3.62526,9.435,1.0,27.0,1.02
55,2024-02-25,19,NET,GREEN,N193,193.3,CONTROL,79.5,72.0,1.1041666666666667,57.24,34.7,12.9,7.6,3.4019880000000002,5.658,1.0,8.0,0.18
56,2024-02-25,19,NET,GREEN,N193,193.4,CONTROL,80.2,72.7,1.1031636863823935,58.305400000000006,34.4,14.5,10.9,5.43692,5.077,0.0,0.0,0.04
57,2024-02-25,19,NET,GREEN,N193,193.5,CONTROL,82.7,74.1,1.1160593792172742,61.280699999999996,33.5,15.0,8.0,4.02,7.533,1.0,17.0,0.56
58,2024-02-25,19,NET,GREEN,N193,193.6,CONTROL,78.1,70.5,1.1078014184397162,55.06049999999999,30.2,15.3,9.1,4.204746,7.988,0.0,0.0,
59,2024-02-25,19,NET,GREEN,N193,193.7,CONTROL,82.0,70.8,1.1581920903954803,58.056,30.5,13.7,10.4,4.3456399999999995,6.987,1.0,19.0,0.4
60,2024-02-25,19,NET,PINK,N075,75.1,SUPP,93.6,81.1,1.154130702836005,75.9096,36.8,13.0,8.9,4.25776,6.492,1.0,8.0,0.4
61,2024-02-25,19,NET,PINK,N177,177.1,SUPP,76.0,71.6,1.0614525139664805,54.416,32.0,11.8,6.5,2.4544,6.201,0.0,0.0,
62,2024-02-25,19,NET,PINK,N167,167.1,CONTROL,100.6,80.6,1.2481389578163773,81.08359999999999,38.2,17.0,8.1,5.260140000000001,7.153,1.0,23.0,0.84
63,2024-02-25,19,NET,PINK,N178,178.1,CONTROL,89.7,71.1,1.2616033755274263,63.7767,38.2,15.9,9.7,5.891586,7.348,0.0,0.0,
64,2024-02-25,19,NET,PINK,N178,178.2,CONTROL,89.2,71.7,1.2440725244072524,63.9564,33.9,14.6,7.8,3.860531999999999,7.945,0.0,0.0,
65,2024-02-25,19,NET,PINK,N178,178.3,CONTROL,90.3,72.0,1.2541666666666667,65.01599999999999,36.4,15.7,8.3,4.743284,6.785,0.0,0.0,
66,2024-02-25,19,NET,ORANGE,N195,195.1,SUPP,86.3,78.6,1.0979643765903309,67.83179999999999,39.7,15.6,11.3,6.998316000000001,8.471,1.0,5.0,0.1
67,2024-02-25,19,NET,ORANGE,N195,195.2,SUPP,77.4,69.2,1.1184971098265897,53.56080000000001,36.9,13.9,10.0,5.129099999999999,8.81,0.0,0.0,
68,2024-02-25,19,NET,ORANGE,N234,234.1,CONTROL,84.6,70.4,1.2017045454545452,59.5584,36.1,17.6,10.5,6.671280000000001,9.588,0.0,0.0,
69,2024-02-25,19,NET,BLUE,N012,12.1,SUPP,75.8,67.3,1.12630014858841,51.01339999999999,34.2,13.0,8.8,3.9124800000000004,7.737,0.0,0.0,
70,2024-02-25,19,NET,BLUE,N190,190.3,CONTROL,83.7,71.4,1.1722689075630253,59.7618,31.6,13.1,8.4,3.477264,9.877,1.0,25.0,0.98
71,2024-02-25,19,NET,BLUE,N170,170.1,CONTROL,68.5,55.8,1.2275985663082438,38.223,30.4,12.5,5.9,2.242,8.234,1.0,29.0,0.9
72,2024-02-25,19,NET,BROWN,N131,131.1,CONTROL,69.9,58.6,1.1928327645051195,40.961400000000005,32.8,9.8,6.7,2.153648,7.506,1.0,11.0,0.48
73,2024-02-25,19,NET,BROWN,N131,131.2,CONTROL,78.8,65.7,1.1993911719939117,51.7716,37.0,14.0,7.1,3.6777999999999995,8.774,0.0,0.0,
74,2024-02-29,23,NET,RED,N194,194.3,SUPP,78.6,69.2,1.1358381502890171,54.3912,33.4,13.8,8.0,3.68736,9.37,1.0,26.0,0.62
75,2024-02-29,23,NET,RED,N194,194.4,SUPP,81.4,68.4,1.1900584795321638,55.67760000000001,35.7,14.1,12.0,6.04044,8.088,0.0,0.0,
76,2024-02-29,23,NET,GREEN,N187,187.6,CONTROL,93.4,75.0,1.2453333333333334,70.05,36.8,15.7,10.9,6.297583999999999,6.588,0.0,0.0,
77,2024-02-29,23,NET,GREEN,N043,43.1,CONTROL,75.0,67.8,1.1061946902654867,50.85,33.5,12.3,7.3,3.007965,8.794,1.0,58.0,2.1
78,2024-02-29,23,NET,GREEN,N192,192.6,SUPP,81.8,67.1,1.219076005961252,54.8878,34.9,12.3,10.4,4.464408000000001,6.071,1.0,37.0,1.28
79,2024-02-29,23,NET,GREEN,N192,192.7,SUPP,77.8,62.1,1.252818035426731,48.3138,31.1,10.8,9.9,3.3252120000000005,5.517,1.0,28.0,0.72
80,2024-02-29,23,NET,GREEN,N051,51.2,CONTROL,71.8,68.6,1.0466472303206997,49.254799999999996,38.2,16.3,9.3,5.790738000000001,8.161,0.0,0.0,
81,2024-02-29,23,NET,GREEN,N051,51.3,CONTROL,70.1,65.4,1.0718654434250763,45.8454,33.7,13.8,8.6,3.9995160000000007,6.424,0.0,0.0,
82,2024-02-29,23,NET,GREEN,N191,191.7,CONTROL,72.7,62.8,1.157643312101911,45.65560000000001,37.3,15.9,8.9,5.278322999999999,6.744,1.0,31.0,0.96
83,2024-02-29,23,NET,GREEN,N191,191.8,CONTROL,61.9,54.0,1.1462962962962964,33.426,31.0,12.0,10.9,4.0548,7.213,0.0,0.0,
84,2024-02-29,23,NET,GREEN,N196,196.1,SUPP,78.4,70.5,1.1120567375886525,55.272000000000006,33.9,14.6,8.8,4.355472,8.54,1.0,,
85,2024-02-29,23,NET,GREEN,N196,196.2,SUPP,72.4,68.6,1.055393586005831,49.6664,35.3,13.6,9.7,4.656775999999999,8.652,0.0,0.0,
86,2024-02-29,23,NET,GREEN,N197,197.1,CONTROL,97.7,79.8,1.224310776942356,77.9646,38.0,15.0,9.0,5.13,8.751,1.0,22.0,0.9
87,2024-02-29,23,NET,GREEN,N197,197.2,CONTROL,93.0,93.9,0.9904153354632588,87.32700000000001,35.8,12.4,7.9,3.5069679999999996,9.223,1.0,6.0,0.27
88,2024-02-29,23,NET,PINK,N178,178.4,CONTROL,89.3,77.1,1.158236057068742,68.85029999999999,35.0,12.3,8.9,3.8314500000000002,7.624,1.0,44.0,0.6
89,2024-02-29,23,NET,PINK,N198,198.1,SUPP,81.6,74.2,1.099730458221024,60.547200000000004,33.3,10.2,7.8,2.6493479999999994,7.725,1.0,2.0,0.1
90,2024-02-29,23,NET,PINK,N198,198.2,SUPP,84.3,77.6,1.0863402061855671,65.4168,29.9,13.1,6.8,2.6634919999999997,6.79,0.0,0.0,
91,2024-02-29,23,NET,PINK,N198,198.3,SUPP,84.3,79.8,1.056390977443609,67.2714,30.7,11.1,5.2,1.772004,6.778,1.0,14.0,0.22
92,2024-02-29,23,NET,PINK,N198,198.4,SUPP,84.3,77.8,1.083547557840617,65.58539999999999,36.4,11.1,9.2,3.717167999999999,6.948,1.0,23.0,1.0
93,2024-02-29,23,NET,PINK,N198,198.5,SUPP,82.0,78.8,1.0406091370558377,64.616,32.6,13.5,6.7,2.94867,8.425,1.0,,
94,2024-02-29,23,NET,PINK,N198,198.6,SUPP,81.8,80.1,1.021223470661673,65.5218,32.1,12.8,8.9,3.656832000000001,14.897,1.0,,
95,2024-02-29,23,NET,PINK,N198,198.7,SUPP,82.1,73.4,1.1185286103542234,60.2614,31.3,12.0,8.3,3.1174800000000005,10.885,1.0,9.0,0.3
96,2024-02-29,23,NET,PINK,N198,198.8,SUPP,81.2,78.3,1.0370370370370372,63.5796,33.8,13.6,9.1,4.183088,5.43,0.0,0.0,
97,2024-02-29,23,NET,ORANGE,N077,77.1,CONTROL,78.8,60.5,1.3024793388429752,47.674,33.9,13.1,6.8,3.019812,5.721,0.0,0.0,
98,2024-02-29,23,NET,ORANGE,N077,77.2,CONTROL,75.9,62.4,1.216346153846154,47.361599999999996,35.8,12.8,8.1,3.7117439999999995,6.938,0.0,0.0,
99,2024-02-29,23,NET,ORANGE,N900,900.1,CONTROL,63.1,50.3,1.2544731610337974,31.7393,25.2,14.0,7.8,2.75184,8.832,0.0,0.0,
100,2024-02-29,23,NET,BROWN,N017,17.1,SUPP,66.3,48.2,1.37551867219917,31.956599999999998,25.9,12.7,9.9,3.256407,6.314,1.0,7.0,0.23
101,2024-02-29,23,NET,BROWN,N131,131.3,CONTROL,84.2,67.3,1.25111441307578,56.666599999999995,37.0,16.3,8.0,4.8248,8.418,1.0,6.0,0.3
102,2024-02-29,23,NET,BLUE,N016,16.1,SUPP,71.7,63.0,1.138095238095238,45.17100000000001,31.3,12.3,6.3,2.425437,6.292,0.0,0.0,
103,2024-02-29,23,NET,BLUE,N199,199.1,CONTROL,77.3,69.7,1.1090387374461979,53.8781,29.5,11.5,9.8,3.32465,6.872,0.0,0.0,
104,2024-02-29,23,NET,BLUE,N111,111.2,SUPP,59.9,61.5,0.9739837398373984,36.838499999999996,25.6,,,,9.997,0.0,0.0,
105,2024-02-29,23,NET,BLUE,N190,190.4,CONTROL,79.9,62.5,1.2784,49.9375,28.7,11.7,6.1,2.0483189999999993,8.972,0.0,0.0,
106,2024-02-29,23,NET,BLUE,N190,190.5,CONTROL,79.8,69.1,1.1548480463096962,55.141799999999996,30.0,14.8,8.9,3.9516000000000004,9.377,0.0,0.0,
107,2024-02-29,23,NET,BLUE,N189,189.4,CONTROL,81.4,75.8,1.0738786279683379,61.7012,31.2,13.2,7.1,2.924064,9.956,1.0,7.0,0.24
108,2024-02-29,23,NET,BLUE,N012,12.2,SUPP,79.4,63.9,1.2425665101721441,50.736599999999996,32.0,11.2,5.6,2.00704,10.484,1.0,48.0,1.7
109,2024-02-29,23,NET,BLUE,N012,12.3,SUPP,87.9,77.5,1.1341935483870969,68.1225,35.7,11.2,6.5,2.59896,6.372,1.0,15.0,0.88
110,2024-02-29,23,NET,BLUE,N006,6.1,SUPP,83.9,61.6,1.3620129870129871,51.68240000000001,32.1,14.5,8.4,3.9097800000000005,9.664,1.0,3.0,0.2
111,2024-03-06,29,NET,RED,N910,910.1,SUPP,81.3,57.8,1.406574394463668,46.99139999999999,31.0,11.3,9.8,3.4329400000000003,6.043,0.0,0.0,
112,2024-03-06,29,NET,GREEN,N181,181.1,SUPP,67.8,59.7,1.1356783919597988,40.4766,26.4,10.3,7.5,2.0394,6.967,1.0,2.0,0.12
113,2024-03-06,29,NET,GREEN,N043,43.2,CONTROL,70.6,63.1,1.1188589540412044,44.54859999999999,30.7,14.0,12.4,5.3295200000000005,9.208,1.0,9.0,0.5
114,2024-03-06,29,NET,GREEN,N191,191.9,CONTROL,72.4,59.5,1.2168067226890757,43.078,28.8,12.5,9.0,3.24,8.79,0.0,0.0,
115,2024-03-06,29,NET,GREEN,N188,188.11,CONTROL,82.7,89.7,0.9219620958751393,74.1819,33.0,14.4,9.4,4.46688,6.784,1.0,,
116,2024-03-06,29,NET,PINK,N056,56.4,CONTROL,64.4,57.4,1.1219512195121952,36.9656,29.6,9.5,9.1,2.5589199999999996,7.265,0.0,0.0,
117,2024-03-06,29,NET,PINK,N056,56.5,CONTROL,65.8,57.8,1.1384083044982698,38.032399999999996,28.8,11.3,7.1,2.3106240000000002,6.35,1.0,14.0,0.44
118,2024-03-06,29,NET,ORANGE,N195,195.3,SUPP,95.8,83.3,1.150060024009604,79.8014,38.2,11.9,8.7,3.954846,9.778,1.0,2.0,0.08
119,2024-03-06,29,NET,BROWN,N200,200.1,SUPP,63.8,57.0,1.119298245614035,36.366,31.0,15.7,8.6,4.18562,7.339,1.0,6.0,0.21
120,2024-03-06,29,NET,BROWN,N200,200.2,SUPP,67.8,54.9,1.2349726775956285,37.2222,28.0,10.3,7.2,2.0764800000000005,8.223,1.0,3.0,0.16
121,2024-03-06,29,NET,BROWN,N200,200.3,SUPP,67.7,58.0,1.1672413793103449,39.266000000000005,34.5,15.2,9.2,4.824479999999999,7.644,0.0,0.0,
122,2024-03-06,29,NET,BLUE,N012,12.4,SUPP,70.4,66.1,1.0650529500756432,46.5344,32.6,14.0,8.5,3.8794,5.038,1.0,52.0,
123,2024-03-06,29,NET,BLUE,N012,12.5,SUPP,66.9,59.8,1.1187290969899668,40.00620000000001,29.8,12.4,8.6,3.1778720000000003,6.673,1.0,12.0,0.3
124,2024-03-06,29,NET,BLUE,N090,90.1,CONTROL,75.5,60.9,1.2397372742200328,45.9795,36.3,9.9,5.1,1.8327869999999997,7.489,1.0,34.0,1.1
125,2024-03-06,29,NET,BLUE,N098,98.1,SUPP,70.5,65.2,1.081288343558282,45.966,34.3,10.8,6.9,2.556036,10.928,1.0,2.0,0.06
126,2024-03-06,29,NET,BLUE,N103,103.1,SUPP,56.7,54.1,1.0480591497227356,30.6747,31.6,10.1,6.2,1.978792,11.095,1.0,39.0,1.74
127,2024-03-06,29,NET,BLUE,N199,199.2,CONTROL,75.0,53.5,1.4018691588785046,40.125,32.6,11.3,7.4,2.7260120000000008,9.072,0.0,0.0,
128,2024-03-14,37,NET,GREEN,N193,193.8,CONTROL,76.8,68.5,1.1211678832116787,52.608000000000004,36.2,9.9,8.5,3.0462300000000004,8.665,0.0,0.0,
129,2024-02-08,2,KUR,GREEN,K210,210.1,SUPP,75.6,60.9,1.2413793103448276,46.0404,30.1,12.0,9.5,3.4314000000000004,7.826,1.0,34.0,1.58
130,2024-02-08,2,KUR,GREEN,K210,210.2,SUPP,80.1,62.3,1.2857142857142856,49.9023,28.3,13.7,7.3,2.830283,7.192,1.0,11.0,0.58
131,2024-02-08,2,KUR,GREEN,K210,210.3,SUPP,72.9,58.5,1.2461538461538462,42.6465,28.4,11.1,8.9,2.8056359999999994,7.251,0.0,0.0,
132,2024-02-08,2,KUR,BROWN,K211,211.1,CONTROL,74.8,61.2,1.222222222222222,45.7776,27.5,13.1,9.7,3.4944249999999997,7.462,0.0,0.0,
133,2024-02-08,2,KUR,Yellow,K212,212.1,CONTROL,81.3,64.6,1.258513931888545,52.5198,31.0,11.3,9.8,3.4329400000000003,7.169,1.0,8.0,0.3
134,2024-02-08,2,KUR,Yellow,K212,212.2,CONTROL,78.2,69.8,1.1203438395415473,54.5836,30.1,12.4,6.2,2.3140880000000004,6.742,1.0,22.0,0.8
135,2024-02-08,2,KUR,Yellow,K212,212.3,CONTROL,72.9,70.3,1.0369843527738265,51.2487,30.1,15.5,10.1,4.712155,9.647,0.0,0.0,
136,2024-02-08,2,KUR,Yellow,K213,213.1,CONTROL,63.8,54.2,1.177121771217712,34.5796,28.7,13.8,9.4,3.722964,5.505,0.0,0.0,
137,2024-02-08,2,KUR,Yellow,K213,213.2,CONTROL,58.6,55.2,1.0615942028985508,32.3472,32.9,13.5,7.1,3.1534649999999997,6.048,1.0,3.0,0.48
138,2024-02-08,2,KUR,Yellow,K136,136.1,CONTROL,72.0,55.4,1.2996389891696751,39.888,31.5,16.4,7.0,3.616199999999999,5.891,0.0,0.0,
139,2024-02-08,2,KUR,Yellow,K136,136.2,CONTROL,79.0,64.0,1.234375,50.56,34.2,13.0,11.2,4.97952,10.378,0.0,0.0,
140,2024-02-08,2,KUR,Yellow,K214,214.1,CONTROL,72.0,55.3,1.301989150090416,39.816,29.5,11.1,9.7,3.176265,7.127,0.0,0.0,
141,2024-02-15,9,KUR,GREEN,K210,210.4,CONTROL,75.4,63.3,1.1911532385466037,47.728199999999994,29.5,11.5,9.8,3.32465,5.678,1.0,29.0,0.76
142,2024-02-15,9,KUR,GREEN,K210,210.5,CONTROL,70.3,61.1,1.1505728314238952,42.9533,32.6,11.3,8.1,2.9838780000000003,7.012,0.0,0.0,
143,2024-02-15,9,KUR,GREEN,K210,210.6,CONTROL,76.8,62.9,1.2209856915739268,48.307199999999995,31.0,15.7,8.6,4.18562,6.094,1.0,12.0,0.28
144,2024-02-15,9,KUR,GREEN,K210,210.7,CONTROL,69.8,58.1,1.2013769363166953,40.5538,28.0,10.3,7.2,2.0764800000000005,6.252,0.0,0.0,
145,2024-02-15,9,KUR,GREEN,K210,210.8,CONTROL,69.2,55.7,1.2423698384201076,38.5444,34.5,15.2,9.2,4.824479999999999,6.482,1.0,21.0,0.58
146,2024-02-15,9,KUR,GREEN,K210,210.9,CONTROL,69.9,58.3,1.1989708404802746,40.7517,36.1,14.6,9.6,5.059776000000001,7.017,0.0,0.0,
147,2024-02-15,9,KUR,BLUE,K215b,215.1,CONTROL,80.6,63.0,1.2793650793650793,50.77799999999999,31.5,13.4,9.4,3.96774,7.998,1.0,48.0,1.9
148,2024-02-15,9,KUR,Yellow,K215,215.2,CONTROL,67.1,59.2,1.1334459459459458,39.7232,28.1,13.7,7.1,2.7332870000000002,8.418,0.0,0.0,
149,2024-02-15,9,KUR,Yellow,K215,215.3,CONTROL,72.8,61.2,1.1895424836601307,44.553599999999996,28.9,17.3,8.1,4.049757,7.733,1.0,34.0,0.9
150,2024-02-15,9,KUR,Yellow,K140,140.1,CONTROL,67.1,56.4,1.1897163120567376,37.84439999999999,35.7,14.0,8.9,4.448220000000001,7.22,1.0,60.0,2.48
151,2024-02-15,9,KUR,Yellow,K140,140.2,CONTROL,68.4,56.8,1.2042253521126762,38.851200000000006,32.6,14.0,8.5,3.8794,7.078,1.0,40.0,1.38
152,2024-02-15,9,KUR,Yellow,K216,216.1,CONTROL,76.1,60.6,1.2557755775577557,46.1166,30.8,11.2,8.8,3.035648,9.485,0.0,0.0,
153,2024-02-15,9,KUR,Yellow,K216,216.2,CONTROL,76.1,62.1,1.2254428341384862,47.25809999999999,31.3,12.8,6.7,2.6842880000000005,8.667,1.0,8.0,0.36
154,2024-02-15,9,KUR,BROWN,K211,211.2,CONTROL,72.5,63.3,1.1453396524486572,45.8925,34.0,17.5,10.2,6.069,7.631,0.0,0.0,
155,2024-02-15,9,KUR,BROWN,K211,211.3,CONTROL,75.2,65.6,1.1463414634146343,49.331199999999995,35.0,13.3,7.9,3.6774500000000003,8.342,0.0,0.0,
156,2024-02-15,9,KUR,BLUE,K179,179.1,CONTROL,61.7,51.8,1.1911196911196913,31.9606,30.1,15.9,10.8,5.168772000000001,5.242,0.0,0.0,
157,2024-02-15,9,KUR,BLUE,K179,179.2,CONTROL,63.1,52.3,1.2065009560229447,33.0013,42.6,15.2,6.7,4.338384,4.348,0.0,0.0,
158,2024-02-15,9,KUR,BLUE,K179,179.3,CONTROL,66.7,56.1,1.1889483065953654,37.4187,37.9,14.0,7.1,3.76726,6.542,1.0,3.0,0.32
159,2024-02-15,9,KUR,Red,K147,147.1,CONTROL,70.8,59.1,1.197969543147208,41.8428,30.6,14.6,7.3,3.261348,5.484,1.0,9.0,0.58
160,2024-02-15,9,KUR,Red,K147,147.2,CONTROL,73.5,63.1,1.1648177496038035,46.3785,33.5,12.3,7.6,3.13158,6.452,0.0,0.0,
161,2024-02-15,9,KUR,Red,K147,147.3,CONTROL,71.5,63.1,1.133122028526149,45.1165,30.7,14.0,12.4,5.3295200000000005,6.95,1.0,13.0,0.5
162,2024-02-15,9,KUR,Red,K184,184.1,CONTROL,70.9,60.7,1.1680395387149918,43.036300000000004,26.4,10.3,7.5,2.0394,7.595,1.0,7.0,0.28
163,2024-02-15,9,KUR,Red,K168,168.1,CONTROL,67.9,50.6,1.341897233201581,34.357400000000005,33.1,11.5,11.4,4.339410000000001,7.772,1.0,22.0,0.92
164,2024-02-15,9,KUR,Red,K168,168.2,CONTROL,66.5,56.0,1.1875,37.24,30.7,15.6,5.5,2.63406,7.368,0.0,0.0,
165,2024-02-15,9,KUR,Red,K168,168.3,CONTROL,66.7,57.1,1.1681260945709282,38.0857,33.7,14.9,9.3,4.669809000000001,7.788,1.0,16.0,0.74
166,2024-02-15,9,KUR,Yellow,K187,187.1,CONTROL,69.3,58.8,1.1785714285714286,40.7484,31.4,13.8,10.2,4.419864,7.832,0.0,0.0,
167,2024-02-15,9,KUR,Yellow,K187,187.2,CONTROL,68.0,60.1,1.1314475873544092,40.868,33.0,15.6,5.1,2.6254799999999996,8.44,0.0,0.0,
168,2024-02-15,9,KUR,Yellow,K217,217.1,CONTROL,72.1,61.8,1.1666666666666665,44.5578,28.9,13.4,8.1,3.1368059999999995,10.587,1.0,30.0,0.78
169,2024-02-15,9,KUR,Yellow,K217,217.2,CONTROL,72.2,64.9,1.1124807395993837,46.857800000000005,25.3,10.0,7.6,1.9228,6.626,0.0,0.0,
170,2024-02-15,9,KUR,Yellow,K217,217.3,CONTROL,66.2,58.4,1.1335616438356164,38.6608,22.4,10.9,9.7,2.368352,7.548,0.0,0.0,
171,2024-02-15,9,KUR,Yellow,K217,217.4,CONTROL,72.2,64.1,1.1263650546021842,46.280199999999994,29.9,10.9,8.6,2.8028259999999996,5.557,1.0,15.0,0.7
172,2024-02-15,9,KUR,Yellow,K217,217.5,CONTROL,68.1,58.4,1.1660958904109588,39.770399999999995,29.6,10.4,8.8,2.7089920000000007,5.658,1.0,15.0,0.58
173,2024-02-22,16,KUR,Yellow,K217,217.6,CONTROL,78.5,69.1,1.1360347322720696,54.2435,28.3,9.9,8.5,2.3814450000000003,5.546,1.0,34.0,1.28
174,2024-02-22,16,KUR,Yellow,K217,217.7,CONTROL,65.3,57.8,1.1297577854671281,37.743399999999994,25.7,7.6,9.0,1.7578799999999999,5.59,1.0,12.0,0.3
175,2024-02-22,16,KUR,Yellow,K217,217.8,CONTROL,70.3,63.9,1.1001564945226916,44.9217,26.5,11.5,6.1,1.8589749999999998,6.876,1.0,7.0,0.2
176,2024-02-22,16,KUR,Yellow,K217,217.9,CONTROL,69.7,57.0,1.2228070175438597,39.729,29.5,11.7,5.7,1.967355,5.929,0.0,0.0,
177,2024-02-22,16,KUR,Yellow,K217,217.101,CONTROL,73.1,60.3,1.2122719734660032,44.079299999999996,27.9,8.3,3.4,0.7873380000000001,8.314,0.0,0.0,
178,2024-02-22,16,KUR,Yellow,K188,188.1,CONTROL,64.0,61.8,1.0355987055016183,39.552,36.8,16.0,8.7,5.122559999999999,7.221,0.0,0.0,
179,2024-02-22,16,KUR,Yellow,K188,188.2,CONTROL,70.5,65.3,1.0796324655436447,46.0365,29.1,13.6,10.5,4.15548,10.628,1.0,44.0,1.4
180,2024-02-22,16,KUR,Yellow,K188,188.3,CONTROL,66.4,64.0,1.0375,42.496,34.8,13.2,9.3,4.272048,8.259,0.0,0.0,
181,2024-02-22,16,KUR,Yellow,K188,188.4,CONTROL,69.6,68.2,1.0205278592375366,47.467200000000005,33.2,15.5,7.6,3.91096,8.235,0.0,0.0,
182,2024-02-22,16,KUR,Yellow,K188,188.5,CONTROL,66.0,60.2,1.096345514950166,39.732,35.2,15.3,8.7,4.685472,7.499,0.0,0.0,
183,2024-02-22,16,KUR,Yellow,K188,188.6,CONTROL,66.1,62.1,1.0644122383252816,41.0481,31.0,13.7,10.6,4.5018199999999995,4.329,0.0,0.0,
184,2024-02-22,16,KUR,Yellow,K188,188.7,CONTROL,72.0,66.1,1.0892586989409985,47.592,30.2,12.5,11.1,4.19025,5.791,0.0,0.0,
185,2024-02-22,16,KUR,Yellow,K140,140.3,CONTROL,66.1,56.9,1.1616871704745166,37.610899999999994,29.8,12.4,8.6,3.1778720000000003,7.98,1.0,8.0,0.34
186,2024-02-22,16,KUR,Yellow,K216,216.3,CONTROL,64.1,57.4,1.116724738675958,36.7934,30.9,12.8,9.4,3.717888,5.403,1.0,11.0,0.5
187,2024-02-22,16,KUR,Yellow,K215,215.5,CONTROL,55.6,52.6,1.0570342205323193,29.2456,33.2,11.1,10.7,3.9431640000000003,7.618,0.0,0.0,
188,2024-02-22,16,KUR,Yellow,K215,215.4,CONTROL,66.2,55.3,1.197106690777577,36.6086,29.1,12.0,11.1,3.8761200000000002,7.984,1.0,24.0,0.92
189,2024-02-22,16,KUR,Yellow,K215,215.6,CONTROL,67.1,60.0,1.1183333333333332,40.26,31.9,13.8,9.5,4.1820900000000005,6.298,1.0,7.0,0.28
190,2024-02-22,16,KUR,Yellow,K214,214.2,CONTROL,70.4,65.1,1.0814132104454688,45.8304,29.7,11.3,9.6,3.2218560000000003,7.727,0.0,0.0,
191,2024-02-22,16,KUR,Yellow,K187,187.3,CONTROL,72.6,59.6,1.2181208053691275,43.2696,37.6,16.9,10.9,6.926296,6.547,0.0,0.0,
192,2024-02-22,16,KUR,Yellow,K187,187.4,CONTROL,74.2,60.3,1.2305140961857381,44.7426,,,,,8.642,0.0,0.0,
193,2024-02-22,16,KUR,BLUE,K193,193.1,CONTROL,60.8,69.2,0.8786127167630057,42.0736,34.5,14.8,7.1,3.62526,7.354,0.0,0.0,
194,2024-02-22,16,KUR,BLUE,K193,193.2,CONTROL,62.1,65.1,0.9539170506912443,40.427099999999996,37.3,15.9,8.9,5.278322999999999,5.994,0.0,0.0,
195,2024-02-22,16,KUR,BLUE,K196,196.1,CONTROL,66.5,57.9,1.14853195164076,38.5035,34.3,17.5,7.5,4.501875,8.129,1.0,26.0,0.4
196,2024-02-22,16,KUR,BLUE,K196,196.2,CONTROL,65.7,54.2,1.2121771217712176,35.60940000000001,35.6,17.2,9.4,5.755808000000001,9.162,1.0,42.0,1.92
197,2024-02-22,16,KUR,BLUE,K201,201.1,CONTROL,75.1,60.9,1.2331691297208538,45.735899999999994,36.2,9.9,8.2,2.9387160000000003,7.285,0.0,0.0,
198,2024-02-22,16,KUR,BLUE,K189,189.1,CONTROL,61.0,52.1,1.1708253358925145,31.781,30.6,14.7,10.3,4.633146000000001,7.068,0.0,0.0,
199,2024-02-22,16,KUR,Blue,K157,157.1,CONTROL,64.7,62.7,1.0318979266347688,40.566900000000004,28.6,15.7,9.1,4.086082,7.841,0.0,0.0,
200,2024-02-22,16,KUR,BLUE,K172,172.1,CONTROL,78.7,64.9,1.2126348228043142,51.07630000000001,34.3,10.8,6.9,2.556036,11.784,0.0,0.0,
201,2024-02-22,16,KUR,BLUE,K179,179.4,CONTROL,65.7,52.8,1.2443181818181819,34.6896,37.0,16.3,8.0,4.8248,7.528,0.0,0.0,
202,2024-02-22,16,KUR,BLUE,K179,179.5,CONTROL,63.4,57.8,1.0968858131487889,36.645199999999996,39.6,17.1,8.1,5.484996,9.413,1.0,1.0,0.09
203,2024-02-22,16,KUR,Blue,K155,155.1,CONTROL,61.9,56.1,1.103386809269162,34.7259,31.0,12.6,9.3,3.63258,7.652,1.0,40.0,1.1
204,2024-02-22,16,KUR,BLUE,K202,202.1,CONTROL,68.3,55.7,1.2262118491921004,38.0431,36.4,15.0,12.4,6.7704,9.927,0.0,0.0,
205,2024-02-22,16,KUR,BLUE,K199,199.1,CONTROL,66.1,59.4,1.1127946127946127,39.2634,29.0,12.3,8.9,3.1746300000000005,10.694,0.0,0.0,
206,2024-02-22,16,KUR,BLUE,K199,199.2,CONTROL,65.9,56.0,1.1767857142857143,36.904,28.1,11.2,8.2,2.580704,14.278,0.0,0.0,
207,2024-02-22,16,KUR,BLUE,K199,199.3,CONTROL,63.5,53.4,1.1891385767790263,33.909,28.3,11.6,8.2,2.691896,8.135,1.0,2.0,0.1
208,2024-02-22,16,KUR,Brown,K142,142.1,CONTROL,73.1,70.2,1.0413105413105412,51.3162,33.2,11.1,9.8,3.6114960000000007,7.445,0.0,0.0,
209,2024-02-22,16,KUR,Brown,K169,169.1,CONTROL,68.7,65.6,1.0472560975609757,45.06719999999999,30.2,12.0,7.9,2.86296,11.481,1.0,7.0,0.4
210,2024-02-22,16,KUR,Brown,K180,180.2,CONTROL,65.0,51.4,1.264591439688716,33.41,32.5,13.0,8.4,3.549,7.118,0.0,0.0,
211,2024-02-22,16,KUR,Brown,K180,180.1,CONTROL,66.6,53.5,1.244859813084112,35.631,33.1,14.7,9.2,4.476444,8.183,1.0,44.0,1.84
212,2024-02-22,16,KUR,GREEN,K210,210.101,CONTROL,71.7,57.8,1.240484429065744,41.4426,33.5,14.8,8.9,4.4126199999999995,5.892,0.0,0.0,
213,2024-02-22,16,KUR,GREEN,K210,210.11,CONTROL,71.8,59.5,1.2067226890756302,42.721,31.2,14.1,9.3,4.091256,7.898,1.0,22.0,1.08
214,2024-02-22,16,KUR,GREEN,K210,210.12,CONTROL,69.9,54.7,1.2778793418647167,38.23530000000001,31.2,11.9,7.1,2.636088,7.152,0.0,0.0,
215,2024-02-22,16,KUR,GREEN,K210,210.13,CONTROL,73.9,62.0,1.191935483870968,45.818000000000005,33.6,15.1,9.4,4.769184,6.04,1.0,39.0,1.86
216,2024-02-22,16,KUR,GREEN,K173,173.1,CONTROL,71.3,58.7,1.2146507666098807,41.853100000000005,33.5,14.7,8.8,4.33356,5.798,1.0,26.0,0.92
217,2024-02-22,16,KUR,GREEN,K173,173.2,CONTROL,64.4,60.2,1.0697674418604652,38.768800000000006,34.0,11.6,8.4,3.31296,8.189,0.0,0.0,
218,2024-02-22,16,KUR,Red,K192,192.1,CONTROL,74.1,64.8,1.1435185185185184,48.016799999999996,34.3,14.3,8.2,4.022017999999999,8.544,0.0,0.0,
219,2024-02-22,16,KUR,Red,K192,192.2,CONTROL,73.4,64.2,1.1433021806853583,47.122800000000005,35.1,13.1,8.3,3.8164230000000003,7.778,0.0,0.0,
220,2024-02-22,16,KUR,Red,K147,147.4,CONTROL,65.7,58.4,1.125,38.3688,31.3,12.8,6.7,2.6842880000000005,7.465,1.0,32.0,0.6
221,2024-02-22,16,KUR,Red,K191,191.1,CONTROL,64.6,57.2,1.1293706293706292,36.9512,30.4,13.4,7.1,2.8922559999999997,8.287,0.0,0.0,
222,2024-02-22,16,KUR,Red,K191,191.2,CONTROL,65.8,54.3,1.2117863720073665,35.7294,27.2,12.2,7.9,2.621536,9.49,0.0,0.0,
223,2024-02-22,16,KUR,Red,K191,191.3,CONTROL,62.4,58.1,1.074010327022375,36.254400000000004,30.0,13.1,6.1,2.3972999999999995,7.905,0.0,0.0,
224,2024-02-22,16,KUR,Red,K191,191.4,CONTROL,61.6,58.2,1.0584192439862543,35.851200000000006,30.9,12.8,6.8,2.6895359999999995,7.774,0.0,0.0,
225,2024-02-22,16,KUR,Red,K191,191.5,CONTROL,60.2,59.1,1.0186125211505923,35.5782,27.7,11.2,8.1,2.5129439999999996,9.915,0.0,0.0,
226,2024-02-22,16,KUR,Red,K185,185.1,CONTROL,51.1,56.2,0.9092526690391459,28.718200000000003,27.6,11.6,6.5,2.08104,10.215,1.0,2.0,0.18
227,2024-02-22,16,KUR,Red,K185,185.2,CONTROL,51.0,48.8,1.0450819672131149,24.887999999999998,28.3,11.8,5.6,1.8700640000000002,4.593,0.0,0.0,
228,2024-02-22,16,KUR,Red,K185,185.3,CONTROL,52.3,56.1,0.9322638146167557,29.3403,36.8,13.3,6.8,3.328192,10.224,1.0,5.0,0.44
229,2024-02-22,16,KUR,Red,K184,184.2,CONTROL,62.4,57.3,1.0890052356020943,35.755199999999995,29.8,11.2,5.6,1.8690559999999998,8.004,1.0,7.0,0.28
230,2024-02-22,16,KUR,Red,K168,168.4,CONTROL,57.1,48.9,1.1676891615541922,27.9219,24.7,7.6,9.0,1.68948,8.5,1.0,2.0,0.12
231,2024-02-22,16,KUR,Red,K168,168.5,CONTROL,59.0,50.1,1.1776447105788423,29.559,26.5,11.5,6.1,1.8589749999999998,7.191,0.0,0.0,
232,2024-02-22,16,KUR,Red,K168,168.6,CONTROL,60.7,54.1,1.121996303142329,32.8387,29.5,11.7,5.7,1.967355,8.841,0.0,0.0,
233,2024-02-22,16,KUR,Red,K168,168.7,CONTROL,64.1,51.8,1.2374517374517373,33.203799999999994,29.4,9.8,7.2,2.074464,8.889,1.0,6.0,0.36
234,2024-02-22,16,KUR,Red,K168,168.8,CONTROL,58.1,55.2,1.0525362318840579,32.071200000000005,27.3,10.5,7.6,2.17854,8.348,1.0,8.0,0.23
235,2024-02-22,16,KUR,Red,K168,168.9,CONTROL,63.7,54.7,1.1645338208409506,34.843900000000005,29.5,10.1,7.3,2.175035,8.051,0.0,0.0,
236,2024-02-27,21,KUR,Yellow,K218,218.1,CONTROL,70.4,63.2,1.1139240506329113,44.49280000000001,32.8,15.0,9.0,4.427999999999999,5.76,0.0,0.0,
237,2024-02-27,21,KUR,Yellow,K218,218.2,CONTROL,70.3,62.4,1.126602564102564,43.8672,31.5,12.4,7.6,2.96856,6.059,1.0,4.0,0.16
238,2024-02-27,21,KUR,Yellow,K218,218.3,CONTROL,69.7,58.1,1.1996557659208262,40.4957,30.3,13.2,7.8,3.1196879999999996,5.139,1.0,2.0,0.11
239,2024-02-27,21,KUR,Yellow,K218,218.4,CONTROL,69.9,59.8,1.1688963210702343,41.800200000000004,29.9,13.1,6.8,2.6634919999999997,6.296,1.0,14.0,0.52
240,2024-02-27,21,KUR,Yellow,K218,218.5,CONTROL,70.9,60.5,1.1719008264462811,42.89450000000001,30.7,12.0,7.9,2.9103600000000003,7.923,1.0,3.0,0.08
241,2024-02-27,21,KUR,Yellow,K217,217.11,CONTROL,67.4,56.0,1.2035714285714287,37.74400000000001,30.2,6.2,8.8,1.6477120000000003,8.399,0.0,0.0,
242,2024-02-27,21,KUR,Yellow,K175,175.1,CONTROL,63.8,55.9,1.141323792486583,35.664199999999994,30.1,14.1,8.9,3.7772490000000003,7.526,0.0,0.0,
243,2024-02-27,21,KUR,Yellow,K135,135.1,CONTROL,55.7,53.2,1.0469924812030076,29.632400000000004,29.8,14.5,8.6,3.71606,6.59,1.0,8.0,0.38
244,2024-02-27,21,KUR,Yellow,K140,140.4,CONTROL,61.3,49.8,1.2309236947791165,30.527399999999997,28.9,12.8,6.3,2.330496,6.904,1.0,9.0,0.36
245,2024-02-27,21,KUR,Yellow,K140,140.5,CONTROL,64.7,54.5,1.1871559633027524,35.2615,29.1,12.7,8.4,3.1043879999999997,5.736,0.0,0.0,
246,2024-02-27,21,KUR,Yellow,K197,197.1,CONTROL,68.7,57.4,1.1968641114982579,39.4338,29.3,,,,6.156,1.0,23.0,1.1
247,2024-02-27,21,KUR,Yellow,K197,197.2,CONTROL,69.1,60.3,1.1459369817578773,41.6673,29.9,14.8,7.6,3.3631519999999995,8.7,1.0,2.0,0.1
248,2024-02-27,21,KUR,Yellow,K139,139.1,CONTROL,62.0,59.1,1.0490693739424704,36.642,32.9,13.5,7.1,3.1534649999999997,7.903,1.0,19.0,0.74
249,2024-02-27,21,KUR,BLUE,K193,193.3,CONTROL,76.1,68.9,1.1044992743105948,52.4329,32.1,12.0,7.9,3.0430800000000002,8.744,0.0,0.0,
250,2024-02-27,21,KUR,Blue,K193,193.4,CONTROL,79.1,72.4,1.0925414364640882,57.2684,33.6,12.1,7.8,3.171168,11.024,1.0,12.0,0.6
251,2024-02-27,21,KUR,BLUE,K193,193.5,CONTROL,79.4,69.8,1.1375358166189113,55.4212,32.8,16.0,8.1,4.2508799999999995,7.705,0.0,0.0,
252,2024-02-27,21,KUR,Blue,K193,193.6,CONTROL,77.3,71.8,1.0766016713091922,55.5014,33.1,15.7,9.8,5.092765999999999,7.776,1.0,60.0,2.45
253,2024-02-27,21,KUR,BLUE,K196,196.3,CONTROL,58.9,49.0,1.2020408163265306,28.861,27.6,14.1,5.9,2.296044,6.049,1.0,48.0,2.64
254,2024-02-27,21,KUR,BLUE,K201,201.2,CONTROL,69.4,58.9,1.1782682512733447,40.8766,30.6,14.4,7.7,3.3929280000000004,7.108,1.0,3.0,0.12
255,2024-02-27,21,KUR,BLUE,K202,202.2,CONTROL,80.0,64.4,1.2422360248447204,51.52,33.4,14.5,9.8,4.7461400000000005,6.777,1.0,18.0,0.88
256,2024-02-27,21,KUR,BLUE,K202,202.3,CONTROL,77.4,64.6,1.1981424148606814,50.0004,32.4,13.5,11.0,4.8114,7.419,1.0,32.0,1.1
257,2024-02-27,21,KUR,BLUE,K202,202.4,CONTROL,74.4,53.7,1.3854748603351956,39.9528,33.9,15.6,11.3,5.975892,7.72,0.0,0.0,
258,2024-02-27,21,KUR,BLUE,K202,202.5,CONTROL,76.8,65.8,1.1671732522796352,50.5344,37.1,13.9,8.2,4.228658,7.745,0.0,0.0,
259,2024-02-27,21,KUR,BLUE,K202,202.6,CONTROL,78.1,66.1,1.1815431164901664,51.62409999999999,33.8,15.0,9.1,4.613699999999999,6.47,1.0,34.0,1.8
260,2024-02-27,21,KUR,BLUE,K199,199.4,CONTROL,60.2,49.1,1.2260692464358451,29.558200000000003,27.4,15.3,8.9,3.731058,10.465,0.0,0.0,
261,2024-02-27,21,KUR,BLUE,K199,199.5,CONTROL,59.9,49.4,1.2125506072874495,29.5906,28.0,12.9,7.9,2.8534800000000002,8.442,0.0,0.0,
262,2024-02-27,21,KUR,Blue,K179,179.6,CONTROL,67.3,60.1,1.119800332778702,40.4473,31.0,12.5,9.7,3.7587499999999996,7.836,0.0,0.0,
263,2024-02-27,21,KUR,Blue,K179,179.7,CONTROL,69.7,54.2,1.2859778597785978,37.7774,30.8,11.9,8.9,3.2620280000000004,7.541,0.0,0.0,
264,2024-02-27,21,KUR,BLUE,K179,179.8,CONTROL,59.8,51.0,1.1725490196078432,30.497999999999998,30.4,12.9,9.2,3.6078719999999995,9.315,0.0,0.0,
265,2024-02-27,21,KUR,BLUE,K204,204.1,CONTROL,82.0,75.6,1.0846560846560847,61.992,33.7,15.5,11.0,5.745850000000001,4.903,1.0,28.0,1.76
266,2024-02-27,21,KUR,BLUE,K189,189.2,CONTROL,60.7,53.8,1.1282527881040894,32.6566,26.6,9.5,9.1,2.29957,7.063,1.0,16.0,0.8
267,2024-02-27,21,KUR,Red,K191,191.6,CONTROL,62.1,51.9,1.1965317919075145,32.2299,26.6,10.4,6.1,1.6875040000000001,9.917,1.0,5.0,0.1
268,2024-02-27,21,KUR,Brown,K159,159.1,CONTROL,58.7,49.9,1.1763527054108218,29.2913,27.9,8.3,3.4,0.7873380000000001,7.558,1.0,2.0,0.09
269,2024-02-27,21,KUR,Brown,K159,159.2,CONTROL,56.8,49.7,1.1428571428571428,28.2296,28.1,6.2,,,7.046,0.0,0.0,
270,2024-02-27,21,KUR,Brown,K159,159.3,CONTROL,56.4,43.1,1.308584686774942,24.308400000000002,23.9,17.5,7.8,3.26235,8.84,0.0,0.0,
271,2024-02-27,21,KUR,Yellow,K188,188.8,CONTROL,68.3,61.2,1.1160130718954246,41.7996,30.5,12.4,7.1,2.6852199999999997,7.141,0.0,0.0,
272,2024-02-27,21,KUR,Yellow,K188,188.9,CONTROL,75.8,67.9,1.1163475699558172,51.4682,29.6,13.2,8.6,3.3601919999999996,5.449,0.0,0.0,
273,2024-02-27,21,KUR,Yellow,K188,188.101,CONTROL,67.8,61.7,1.0988654781199352,41.8326,29.7,14.5,8.7,3.746654999999999,9.542,0.0,0.0,
274,2024-02-27,21,KUR,Yellow,K188,188.11,CONTROL,69.3,63.2,1.096518987341772,43.7976,27.8,14.6,7.3,2.962924,8.229,1.0,20.0,0.94
275,2024-02-27,21,KUR,Yellow,K188,188.12,CONTROL,70.3,64.0,1.0984375,44.992,28.1,13.1,7.0,2.57677,13.563,0.0,0.0,
276,2024-02-27,21,KUR,Yellow,K188,188.13,CONTROL,78.2,60.1,1.3011647254575707,46.998200000000004,28.1,12.9,10.4,3.769896,8.182,0.0,0.0,
277,2024-02-27,21,KUR,Red,K168,168.8,CONTROL,78.8,60.5,1.3024793388429752,47.674,33.9,13.6,9.2,4.241567999999999,8.585,1.0,12.0,0.62
278,2024-03-07,30,KUR,Yellow,K218,218.6,CONTROL,66.4,52.9,1.2551984877126656,35.125600000000006,33.2,11.1,9.2,3.390384,8.104,1.0,2.0,0.02
279,2024-03-07,30,KUR,Yellow,K217,217.12,CONTROL,68.1,58.0,1.1741379310344826,39.498,29.0,13.6,7.8,3.0763199999999995,7.046,0.0,0.0,
280,2024-03-07,30,KUR,Yellow,K203,203.1,CONTROL,58.5,45.6,1.2828947368421053,26.676,28.7,9.5,5.8,1.58137,8.207,0.0,0.0,
281,2024-03-07,30,KUR,Brown,K159,159.4,CONTROL,50.0,44.9,1.1135857461024499,22.45,25.3,10.0,7.6,1.9228,6.555,0.0,0.0,
282,2024-03-07,30,KUR,Yellow,K197,197.3,CONTROL,61.7,60.5,1.0198347107438017,37.328500000000005,29.4,13.1,8.5,3.27369,9.291,1.0,11.0,0.96
283,2024-03-07,30,KUR,BLUE,K196,196.4,CONTROL,67.3,65.6,1.0259146341463414,44.148799999999994,32.0,11.8,6.5,2.4544,6.596,1.0,15.0,0.98
284,2024-03-07,30,KUR,BLUE,K202,202.8,CONTROL,69.6,61.9,1.124394184168013,43.0824,33.4,14.4,8.4,4.040064,8.994,0.0,0.0,
285,2024-03-07,30,KUR,BLUE,K179,179.9,CONTROL,66.4,51.5,1.2893203883495146,34.196000000000005,30.5,10.8,9.8,3.2281200000000005,8.225,0.0,0.0,
286,2024-03-07,30,KUR,BLUE,K207,207.1,CONTROL,82.8,59.6,1.3892617449664428,49.348800000000004,30.1,12.5,9.4,3.53675,5.452,0.0,0.0,
287,2024-03-07,30,KUR,BLUE,K219,219.1,CONTROL,75.1,63.5,1.1826771653543307,47.6885,32.6,13.5,6.7,2.94867,8.771,0.0,0.0,
288,2024-03-07,30,KUR,BLUE,K219,219.2,CONTROL,72.9,61.2,1.1911764705882353,44.6148,32.1,12.8,8.4,3.4513920000000007,11.838,1.0,46.0,1.52
289,2024-03-07,30,KUR,BLUE,K220,220.1,CONTROL,56.0,43.2,1.2962962962962963,24.192000000000004,25.0,12.0,9.4,2.82,8.962,0.0,0.0,
290,2024-03-07,30,KUR,BLUE,K220,220.2,CONTROL,60.3,50.8,1.1870078740157481,30.632399999999997,27.3,13.6,9.1,3.3786479999999997,8.008,1.0,18.0,0.68
291,2024-03-07,30,KUR,GREEN,K173,173.3,CONTROL,66.0,51.0,1.2941176470588236,33.66,32.8,11.3,9.1,3.3728239999999996,5.281,0.0,0.0,
292,2024-03-07,30,KUR,RED,K221,221.1,CONTROL,68.6,64.0,1.071875,43.903999999999996,34.7,14.0,8.4,4.08072,9.187,1.0,29.0,0.82
293,2024-03-07,30,KUR,RED,K221,221.2,CONTROL,67.8,56.0,1.2107142857142856,37.967999999999996,34.6,10.4,7.4,2.6628160000000003,8.784,1.0,18.0,0.6
294,2024-03-07,30,KUR,RED,K221,221.3,CONTROL,67.7,61.3,1.1044045676998369,41.5001,32.7,12.6,8.8,3.6257760000000006,8.364,0.0,0.0,
295,2024-03-07,30,KUR,RED,K221,221.4,CONTROL,66.8,54.7,1.2212065813528334,36.5396,31.8,11.9,7.8,2.951676,7.885,0.0,0.0,
296,2024-03-13,36,KUR,BLUE,K222,222.1,CONTROL,58.3,47.0,1.2404255319148936,27.401,30.0,11.4,7.8,2.6675999999999997,5.486,,,
297,2024-03-13,36,KUR,BLUE,K222,222.2,CONTROL,51.4,42.8,1.2009345794392523,21.999199999999995,26.2,9.6,10.1,2.540352,5.256,,,
298,2024-03-13,36,KUR,BLUE,K222,222.3,CONTROL,51.4,46.9,1.095948827292111,24.1066,24.6,12.2,8.0,2.40096,6.464,,,
299,2024-03-13,36,KUR,BLUE,K204,204.2,CONTROL,70.2,59.3,1.1838111298482294,41.6286,32.3,11.0,8.2,2.9134599999999997,5.452,0.0,0.0,
300,2024-03-13,36,KUR,Brown,K159,159.5,CONTROL,42.9,37.1,1.1563342318059298,15.915899999999999,22.4,10.9,9.7,2.368352,8.919,1.0,13.0,0.6
301,2024-03-13,36,KUR,RED,K221,221.5,CONTROL,60.9,52.3,1.1644359464627152,31.850699999999996,30.7,13.5,5.8,2.40381,7.456,0.0,0.0,
302,2024-03-13,36,KUR,RED,K221,221.6,CONTROL,59.5,54.3,1.0957642725598526,32.3085,31.0,12.6,5.8,2.2654799999999997,8.541,0.0,0.0,
